,title,view,contents,create_date,search_query,video_url,youtuber_id
0,갤럭시 Z 플립4 언빡싱 달라진점 7가지  플립3의 가장 큰 단점을 개선했다 ,980000,갬성의 삼성이라고 불렸던 플립3의 후속작인 플립4가 공개되었습니다  이번에는 파격적인 변신보다는 기존의 완성도를 더욱 높이    ,2022-08-16,갤럭시,https://www.youtube.com/watch?v=WwGzNicmPHk,0
1,1  갤럭시 Z 플립4   폴드4 첫 인상  궁금한게 많아서 개발자분께 모두 물어봤습니다 ,1670000,기다리고 기다렸던 삼성전자의 하반기 전략 플래그십 스마트폰  갤럭시 Z 플립4와 폴드4가 정식으로 공개되었습니다  이번에는 기존    ,2022-08-11,갤럭시,https://www.youtube.com/watch?v=H-wxJxEkmm4,0
2,40대가 아이폰을 사기 시작했다  예상과 달리 놀라운 결과의 2022년 한국 스마트폰 점유율 분석해보기 ,760000,한국에서 갤럭시가 더 많이 팔리는지  아이폰이 더 많이 팔리는지 궁금하셨나요  이번 영상은 갤럽에서 발표한 자료를 바탕으로 젊은    ,2022-07-20,갤럭시,https://www.youtube.com/watch?v=PDMQpgMDjeU,0
3,2  갤럭시 버즈2 프로   워치5 프로 첫 인상  귀에 넣어도 이제 안 아플까 ,710000,2022년 8월 10일  기다리고 기다렸던 버즈 프로의 후속작인 버즈2 프로 그리고 작년에 출시 후 인기를 끌었던 워치4의 후속인 워치5와    ,2022-08-11,갤럭시,https://www.youtube.com/watch?v=MsdZwVNK6EE,0
4,삼성버전 인덕션  카메라 성능에 몰빵한 삼성 갤럭시 S20   S20    S20 Ultra 전모델 달라진점 살펴보기 ,2290000,드디어  상반기 삼성의 플래그십 스마트폰  갤럭시 S20 시리즈가 모두 공개되었습니다  이번에 출시한 스마트폰은 디자인적인 변화    ,2020-08-17,갤럭시,https://www.youtube.com/watch?v=NLNJ2hKDyaU,0
5,GOS 이슈 이후 첫 삼성 스마트폰  갤럭시 Z 플립4 폴드4 유출 디자인과 관전할만한 포인트는 뭘까 ,700000,상반기  삼성전자의 여러가지 이슈가 있은 후    하반기에 등장하는 새로운 플래그십 스마트폰 출시가 곧 다가왔고  최근 렌더링으로    ,2022-07-27,갤럭시,https://www.youtube.com/watch?v=rK3P4ltvEds,0
6,쉴드칠 건덕지가 없는 미쳐버린 역대급 이슈  삼성 갤럭시 GOS에 관한 테스트 내용 정리,2830000,최근 삼성 갤럭시에서 GOS 이슈가 새롭게 생겼죠  기본 설치된 GOS는 성능을 저하시킨다고 하는데  실제로 소비자가 체감할 수 있을    ,2022-03-20,갤럭시,https://www.youtube.com/watch?v=faOBclPC0nY,0
7,소비자의 Needs 를 드디어 파악했을까  긴급 삼성 갤럭시 GOS 업데이트 했지만 새로운 문제가    ,1250000,갤럭시 S22 출시 이후 강제로 성능을 저하시키는 GOS 이슈가 생겨나고 논란이 일자 삼성전자는 3월 10일  GOS에 관한 해결책으로    ,2022-03-20,갤럭시,https://www.youtube.com/watch?v=AV7NXHq0SF4,0
8,갤럭시 Z 플립4 언빡싱 달라진점 7가지  플립3의 가장 큰 단점을 개선했다 ,980000,갬성의 삼성이라고 불렸던 플립3의 후속작인 플립4가 공개되었습니다  이번에는 파격적인 변신보다는 기존의 완성도를 더욱 높이    ,2022-08-16,갤럭시z플립 4,https://www.youtube.com/watch?v=WwGzNicmPHk,0
9,1  갤럭시 Z 플립4   폴드4 첫 인상  궁금한게 많아서 개발자분께 모두 물어봤습니다 ,1670000,기다리고 기다렸던 삼성전자의 하반기 전략 플래그십 스마트폰  갤럭시 Z 플립4와 폴드4가 정식으로 공개되었습니다  이번에는 기존    ,2022-08-11,갤럭시z플립 4,https://www.youtube.com/watch?v=H-wxJxEkmm4,0
10,GOS 이슈 이후 첫 삼성 스마트폰  갤럭시 Z 플립4 폴드4 유출 디자인과 관전할만한 포인트는 뭘까 ,700000,상반기  삼성전자의 여러가지 이슈가 있은 후    하반기에 등장하는 새로운 플래그십 스마트폰 출시가 곧 다가왔고  최근 렌더링으로    ,2022-07-27,갤럭시z플립 4,https://www.youtube.com/watch?v=rK3P4ltvEds,0
11,비장의 무기로 다시 각성하나  출시 3개월 남은 삼성 갤럭시 Z 플립4 폴드4 지금까지 밝혀진 루머 총정리 ,700000,잊고있었던 그 제품  한국에서는 여러 에디션이 출시되고있으며  2022년에 화제가 되었던 갤럭시 Z 플립4와 폴드4가 세달 뒤 출시될    ,2022-05-19,갤럭시z플립 4,https://www.youtube.com/watch?v=XMiXm_eFZyQ,0
12,갤럭시 Z 플립4 언빡싱 달라진점 7가지  플립3의 가장 큰 단점을 개선했다 ,980000,갬성의 삼성이라고 불렸던 플립3의 후속작인 플립4가 공개되었습니다  이번에는 파격적인 변신보다는 기존의 완성도를 더욱 높이    ,2022-08-16,갤럭시폴드4,https://www.youtube.com/watch?v=WwGzNicmPHk,0
13,1  갤럭시 Z 플립4   폴드4 첫 인상  궁금한게 많아서 개발자분께 모두 물어봤습니다 ,1670000,기다리고 기다렸던 삼성전자의 하반기 전략 플래그십 스마트폰  갤럭시 Z 플립4와 폴드4가 정식으로 공개되었습니다  이번에는 기존    ,2022-08-11,갤럭시폴드4,https://www.youtube.com/watch?v=H-wxJxEkmm4,0
14,GOS 이슈 이후 첫 삼성 스마트폰  갤럭시 Z 플립4 폴드4 유출 디자인과 관전할만한 포인트는 뭘까 ,700000,상반기  삼성전자의 여러가지 이슈가 있은 후    하반기에 등장하는 새로운 플래그십 스마트폰 출시가 곧 다가왔고  최근 렌더링으로    ,2022-07-27,갤럭시폴드4,https://www.youtube.com/watch?v=rK3P4ltvEds,0
15,아이폰 13 or 아이폰 13 프로 둘 중 뭘 살지 고민된다면  언빡싱 자세한 차이점 비교 분석 ,2570000,드디어  한국에 애플 iPhone 13 시리즈가 모두 출시되었습니다  이제 막 출시가 되다보니 많은분들이 총 4가지 모델 중 어떠한 것을    ,2021-10-21,아이폰,https://www.youtube.com/watch?v=hGjulX7scZ4,0
16,라이트닝 없어짐  노치 사라짐  사이즈 바뀜  알짜배기만 모은 애플 아이폰14 디자인 스펙 관련 루머 총정리 ,1150000,4개월 뒤면 새로운 iPhone 14가 공개될 예정에 있는 가운데  이제 웬만큼 구체적인 스펙에 대한 루머가 흘러나오기 시작해  현재까지    ,2022-05-19,아이폰,https://www.youtube.com/watch?v=-MQhpM8Chwo,0
17,40대가 아이폰을 사기 시작했다  예상과 달리 놀라운 결과의 2022년 한국 스마트폰 점유율 분석해보기 ,760000,한국에서 갤럭시가 더 많이 팔리는지  아이폰이 더 많이 팔리는지 궁금하셨나요  이번 영상은 갤럽에서 발표한 자료를 바탕으로 젊은    ,2022-07-20,아이폰,https://www.youtube.com/watch?v=PDMQpgMDjeU,0
18,전설의 밀어서 잠금해제를 아시나요  레전드 1세대 아이폰 다시 살펴보기 ,1830000,레전드중의 레전드  지금의 스마트폰이 있게 만들어준 애플의 1세대 아이폰을 보신적 있나요   한국에서는 정발하지 않았지만 아주    ,2021-08-17,아이폰,https://www.youtube.com/watch?v=3x2IoHhbyns,0
19,라이트닝 없어짐  노치 사라짐  사이즈 바뀜  알짜배기만 모은 애플 아이폰14 디자인 스펙 관련 루머 총정리 ,1150000,4개월 뒤면 새로운 iPhone 14가 공개될 예정에 있는 가운데  이제 웬만큼 구체적인 스펙에 대한 루머가 흘러나오기 시작해  현재까지    ,2022-05-19,아이폰14,https://www.youtube.com/watch?v=-MQhpM8Chwo,0
20,40대가 아이폰을 사기 시작했다  예상과 달리 놀라운 결과의 2022년 한국 스마트폰 점유율 분석해보기 ,760000,한국에서 갤럭시가 더 많이 팔리는지  아이폰이 더 많이 팔리는지 궁금하셨나요  이번 영상은 갤럽에서 발표한 자료를 바탕으로 젊은    ,2022-07-20,아이폰14,https://www.youtube.com/watch?v=PDMQpgMDjeU,0
21,일본에서 갑자기 20  가격 올린 애플  한번에 가격이 미친듯이 오른 이유   과연 한국은 안전할까 ,490000,며칠 전 애플은 갑작스럽게 일본에서의 전 제품 가격을 평균 20 를 올렸습니다  20 라는 수치는 절대 적은 것이 아니라 많은 이들의    ,2022-07-18,아이폰14,https://www.youtube.com/watch?v=ft21KEZsAHE,0
22,40대가 아이폰을 사기 시작했다  예상과 달리 놀라운 결과의 2022년 한국 스마트폰 점유율 분석해보기 ,760000,한국에서 갤럭시가 더 많이 팔리는지  아이폰이 더 많이 팔리는지 궁금하셨나요  이번 영상은 갤럽에서 발표한 자료를 바탕으로 젊은    ,2022-07-20,아이폰14,https://www.youtube.com/watch?v=PDMQpgMDjeU,0
23,라이트닝 없어짐  노치 사라짐  사이즈 바뀜  알짜배기만 모은 애플 아이폰14 디자인 스펙 관련 루머 총정리 ,1150000,4개월 뒤면 새로운 iPhone 14가 공개될 예정에 있는 가운데  이제 웬만큼 구체적인 스펙에 대한 루머가 흘러나오기 시작해  현재까지    ,2022-05-19,iphone 14,https://www.youtube.com/watch?v=-MQhpM8Chwo,0
24,40대가 아이폰을 사기 시작했다  예상과 달리 놀라운 결과의 2022년 한국 스마트폰 점유율 분석해보기 ,760000,한국에서 갤럭시가 더 많이 팔리는지  아이폰이 더 많이 팔리는지 궁금하셨나요  이번 영상은 갤럽에서 발표한 자료를 바탕으로 젊은    ,2022-07-20,iphone 14,https://www.youtube.com/watch?v=PDMQpgMDjeU,0
25,라이트닝 없어짐  노치 사라짐  사이즈 바뀜  알짜배기만 모은 애플 아이폰14 디자인 스펙 관련 루머 총정리 ,1150000,출시 예정 제품   iPhone 14  iPhone 14 Max  iPhone 14 Pro  iPhone 14 Pro Max 단종 예정 제품   iPhone 14 Mini   Music ,2022-05-19,iphone 14 pro,https://www.youtube.com/watch?v=-MQhpM8Chwo,0
26,40대가 아이폰을 사기 시작했다  예상과 달리 놀라운 결과의 2022년 한국 스마트폰 점유율 분석해보기 ,760000,한국에서 갤럭시가 더 많이 팔리는지  아이폰이 더 많이 팔리는지 궁금하셨나요  이번 영상은 갤럽에서 발표한 자료를 바탕으로 젊은    ,2022-07-20,iphone 14 pro,https://www.youtube.com/watch?v=PDMQpgMDjeU,0
27,미쳤다   너무 예쁜 플립4 산타마리아노벨라 언박싱   플립3와 달라진 점 총정리   Galaxy Z Flip4 Special Edition ,140000,인스타그램  https   www instagram com zuyoni  오늘 언박싱 진짜 미쳤어요오    비주얼부터 구성품까지 대박입니다  갤럭시 Z 플립4    ,2022-08-17,갤럭시,https://www.youtube.com/watch?v=oi9qEieDaT8,1
28,갤럭시Z폴드4 언박싱  새로워진 기능부터 발열까지 싹 다 확인해봤어요   Samsung Galaxy Z Fold 4 ,300000,갤럭시Z폴드4 언박싱 하면서 여러분이 남겨주신 댓글에 대한 답도 알아봤어요  특히 발열 관련 문의가 많았는데 열화상 카메라로 촬영    ,2022-08-14,갤럭시,https://www.youtube.com/watch?v=oFFIQs5sIkc,1
29,디자인은 유지  완성도 높이고 돌아온 폴드4   플립4 전색상 실물후기  NO광고   4K ,400000,인스타그램  https   www instagram com zuyoni   본 영상은 IT 매체 대상 신제품 공개 현장에서 촬영한 것으로  광고 또는 협찬을 포함    ,2022-08-11,갤럭시,https://www.youtube.com/watch?v=CqbhoJ2YeBE,1
30,솔직히 버즈 프로보다 버즈2를 더 많이 쓰는 사람 입장에서      갤럭시 버즈2프로 유출정보 정리  ,140000,인스타그램  https   www instagram com zuyoni  플립4   폴드4 전색상 첫인상  https   youtu be CqbhoJ2YeBE 폴드4 언박싱    ,2022-08-07,갤럭시,https://www.youtube.com/watch?v=4n90wvIuSMs,1
31,미쳤다   너무 예쁜 플립4 산타마리아노벨라 언박싱   플립3와 달라진 점 총정리   Galaxy Z Flip4 Special Edition ,140000,인스타그램  https   www instagram com zuyoni  오늘 언박싱 진짜 미쳤어요오    비주얼부터 구성품까지 대박입니다  갤럭시 Z 플립4    ,2022-08-17,갤럭시z플립 4,https://www.youtube.com/watch?v=oi9qEieDaT8,1
32,디자인은 유지  완성도 높이고 돌아온 폴드4   플립4 전색상 실물후기  NO광고   4K ,400000, Tag  삼성전자 갤럭시Z폴드4  갤럭시Z플립4  폴드4  플립4  Samsung Galaxy Z Fold4  Samsung Galaxy Z Flip4 ,2022-08-11,갤럭시z플립 4,https://www.youtube.com/watch?v=CqbhoJ2YeBE,1
33,실기기까지 유출된 갤럭시Z플립4  역대급 색상으로 돌아온다   유출정보 총정리,300000,어느새 실기기까지 유출된 상황  지금까지 나온 Z플립4 관련 정보들 모두 모아 정리했어요   p s 오늘은 쿠키영상 있어요   갤럭시Z    ,2022-06-18,갤럭시z플립 4,https://www.youtube.com/watch?v=Q3VxO037ves,1
34,갤럭시Z폴드4 언박싱  새로워진 기능부터 발열까지 싹 다 확인해봤어요   Samsung Galaxy Z Fold 4 ,300000,갤럭시Z폴드4 언박싱 하면서 여러분이 남겨주신 댓글에 대한 답도 알아봤어요  특히 발열 관련 문의가 많았는데 열화상 카메라로 촬영    ,2022-08-14,갤럭시폴드4,https://www.youtube.com/watch?v=oFFIQs5sIkc,1
35,미쳤다   너무 예쁜 플립4 산타마리아노벨라 언박싱   플립3와 달라진 점 총정리   Galaxy Z Flip4 Special Edition ,140000,인스타그램  https   www instagram com zuyoni  오늘 언박싱 진짜 미쳤어요오    비주얼부터 구성품까지 대박입니다  갤럭시 Z 플립4    ,2022-08-17,갤럭시폴드4,https://www.youtube.com/watch?v=oi9qEieDaT8,1
36,디자인은 유지  완성도 높이고 돌아온 폴드4   플립4 전색상 실물후기  NO광고   4K ,400000,인스타그램  https   www instagram com zuyoni   본 영상은 IT 매체 대상 신제품 공개 현장에서 촬영한 것으로  광고 또는 협찬을 포함    ,2022-08-11,갤럭시폴드4,https://www.youtube.com/watch?v=CqbhoJ2YeBE,1
37,써본 사람만 아는 아이폰SE 3세대 의외의 장단점  찐 사용후기 들고왔어요 ,390000,오랜만입니다 여러분   이전 영상들에서 여러번 말씀드리긴 했는데  편집자 장기 휴가와 제 건강 문제로 인해 영상 제작을 천천히 진행    ,2022-04-19,아이폰,https://www.youtube.com/watch?v=nz_WHqpl6G0,1
38,갤럭시워치5 프로 언박싱,722,갤럭시워치5 프로 언박싱 영상 입니다  디테일샷 및 사은품 소개가 포함되어 있습니다  00 00 시작 및 언박싱 00 29 디테일샷 01 17    ,2022-08-17,갤럭시,https://www.youtube.com/watch?v=NDWZ8x73ZjE,2
39,갤럭시 Z 폴드4  이게 갖고 다닐 만큼 유용할까 ,19000,갤럭시 Z 폴드4 사전 예약하신 분 있나여   변화가 있는 듯 없는 듯 하지만  힌지 두께며 화면비며  멀티태스킹 작업을 위한 태스크바    ,2022-08-17,갤럭시,https://www.youtube.com/watch?v=S7QFWqMnmmI,3
40,갤럭시 Z 플립4 전 컬러  새로운 기능 자세히 보기 ,25000,갤럭시 Z 시리즈 출시   사전 행사에 초대받아서 촬영하고 왔습니다   갤럭시 Z 폴드4 갤럭시 Z 플립4 갤럭시 워치5 시리즈 그리고    ,2022-08-11,갤럭시,https://www.youtube.com/watch?v=4ao33Tp8ztA,3
41,갤럭시 Z 플립4 전 컬러  새로운 기능 자세히 보기 ,25000,갤럭시 Z 시리즈 출시   사전 행사에 초대받아서 촬영하고 왔습니다   갤럭시 Z 폴드4 갤럭시 Z 플립4 갤럭시 워치5 시리즈 그리고    ,2022-08-11,갤럭시z플립 4,https://www.youtube.com/watch?v=4ao33Tp8ztA,3
42,갤럭시 Z 폴드4  이게 갖고 다닐 만큼 유용할까 ,19000,갤럭시 Z 폴드4 사전 예약하신 분 있나여   변화가 있는 듯 없는 듯 하지만  힌지 두께며 화면비며  멀티태스킹 작업을 위한 태스크바    ,2022-08-17,갤럭시폴드4,https://www.youtube.com/watch?v=S7QFWqMnmmI,3
43, 갤럭시 Z 플립4 네컷으로 배워보기  취향대로 다양하게 폰 꾸미기는 이렇게   삼성전자,48000,프리미엄 디자인의 매력과 높은 활용성의 커버 디스플레이로 돌아온 Galaxy Z Flip4 를 네컷으로 배워보세요  00 00   취향대로 다양    ,2022-08-17,갤럭시,https://www.youtube.com/watch?v=rEpAmHwjNKU,4
44, 갤럭시 Z 폴드4 네컷으로 배워보기  한 손으로 사용해도 편안하게   삼성전자,13000,더 슬림해지고 더 아름다워진 Galaxy Z Fold4 의 멋진 디자인과 컬러를 네컷으로 배워보세요  00 00   한 손으로 사용해도 편안하게    ,2022-08-17,갤럭시,https://www.youtube.com/watch?v=vpDCc4Pn1p0,4
45, 갤럭시 Z 폴드4   Z 플립4  프리오더   Galaxy Z Flip4편   삼성전자,630000, 갤럭시 Z 플립4  어떤 플레이도 가능한 커버 디스플레이와  색다른 시각을 담아내는 플렉스 캠으로 Unfold your world Galaxy Z Flip4    ,2022-08-11,갤럭시,https://www.youtube.com/watch?v=32J13W7mPCs,4
46, 갤럭시 Z 플립4 네컷으로 배워보기  취향대로 다양하게 폰 꾸미기는 이렇게   삼성전자,48000,프리미엄 디자인의 매력과 높은 활용성의 커버 디스플레이로 돌아온 Galaxy Z Flip4 를 네컷으로 배워보세요  00 00   취향대로 다양    ,2022-08-17,갤럭시z플립 4,https://www.youtube.com/watch?v=rEpAmHwjNKU,4
47, 갤럭시 Z 플립4 네컷으로 배워보기  강력해진 배터리   어둠을 이기는 나이토그래피   삼성전자,12000,배터리 용량은 더 커지고  어두운 밤에도 밝고 선명한 사진을 찍을 수 있는  나이토그래피 가 탑재된 Galaxy Z Flip4 를 네컷으로 배워    ,2022-08-17,갤럭시z플립 4,https://www.youtube.com/watch?v=mfa8wstZOKo,4
48, 갤럭시 Z 플립4  제각각 플레이   Galaxy Z Flip4 퇴근길도 즐거워지는 각 편   삼성전자,19000, 갤럭시 Z 플립4  빙글빙글 왁자지껄 추억도 따르릉 따르릉 퇴근길도 잠들기 전 힐링타임도 너만의 각으로 펼쳐봐 제각각 플레이    ,2022-08-17,갤럭시z플립 4,https://www.youtube.com/watch?v=JKgvMIGrFNs,4
49, 갤럭시 Z 폴드4   Z 플립4  프리오더   Galaxy Z Fold4편   삼성전자,550000, 갤럭시 Z 폴드4  더욱 강력해진 멀티태스킹과 새로워진 하단 태스크바로 Unfold your world Galaxy Z Fold4 사전 판매     ,2022-08-11,갤럭시z플립 4,https://www.youtube.com/watch?v=2XbYhbPiuO8,4
50, 갤럭시 Z 폴드4   Z 플립4  제각각 플레이   Galaxy Z Flip4편   삼성전자,790000, 갤럭시 Z 플립4  흥부자들의 OOTD도  따르릉 따르릉 퇴근길도  빙글빙글 왁자지껄 추억도  너만의 각으로 펼쳐봐 제각각 플레이    ,2022-08-11,갤럭시z플립 4,https://www.youtube.com/watch?v=m0NqYyrre3U,4
51,갤럭시 워치5  사전예약 사은품 언박싱 리뷰 농구골대  풀커버스트랩  galaxy Watch 5 Unboxing,620,갤럭시워치5  언박싱  리뷰  농구골대  스트랩  galaxywatch  galaxywatch5  40mm  풀커버스타일링팩 갤럭시 워치5 40mm 로즈    ,2022-08-17,갤럭시,https://www.youtube.com/watch?v=fzAH-OYLh-o,5
52,Samsung Galaxy Unpacked August 2022  Official Replay,8250000,The Galaxy experience is now greater than anything ever before  If you missed the August 2022 Unpacked  watch how it all    ,2022-08-11,갤럭시,https://www.youtube.com/watch?v=FN3BtquTooA,6
53,결국 갤럭시Z 플립4 비스포크 삼  ,7200,아직도 블루를 했어야 했나   생각 중 ㅎㅎ  갤럭시플립4  갤럭시z폴드4  비스포크에디션 ,2022-08-17,갤럭시,https://www.youtube.com/shorts/6gRMUEDIuO8,7
54,갤럭시 플립4 삼성 페이 사용,9000,플립으로 삼성페이를 사용하면 더 빠르고 편할지도     갤럭시z플립4  갤럭시z폴드4 ,2022-08-17,갤럭시,https://www.youtube.com/shorts/YVW-XmoSs2I,7
55,갤럭시Z플립4 자세한 후기 일반적으로 사용할 때 괜찮을까 ,1400,저번 영상 저도 말투 왜 그런지 모르겠습니다   급했나봐요   이번에도 이상한가요  고치고 싶습니다   이번 플립은 단점도 분명 있지만    ,2022-08-17,갤럭시z플립 4,https://www.youtube.com/watch?v=of7v2ycCbys,7
56,결국 갤럭시Z 플립4 비스포크 삼  ,7200,아직도 블루를 했어야 했나   생각 중 ㅎㅎ  갤럭시플립4  갤럭시z폴드4  비스포크에디션 ,2022-08-17,갤럭시z플립 4,https://www.youtube.com/shorts/6gRMUEDIuO8,7
57,갤럭시Z플립4 자세한 후기 일반적으로 사용할 때 괜찮을까 ,1400,저번 영상 저도 말투 왜 그런지 모르겠습니다   급했나봐요   이번에도 이상한가요  고치고 싶습니다   이번 플립은 단점도 분명 있지만    ,2022-08-17,갤럭시폴드4,https://www.youtube.com/watch?v=of7v2ycCbys,7
58,폴드4는 진짜 다릅니다  부품 교체 가능함   갤럭시Z폴드4 신박한 정품 케이스 3종 상세 리뷰  모듈 교체형 케이스부터 새로운 스탠드 케이스까지,20000,갤럭시Z폴드4 신박한 정품 케이스 3종 상세 리뷰    갤럭시 버즈2 프로   에어팟 프로 구독자 이벤트    ,2022-08-17,갤럭시,https://www.youtube.com/watch?v=jCTVc1IE8bg,8
59,논란의 갤럭시S22 롱텀 실사용기  도대체 왜 ,50000,갤럭시S22 실사용기를 들려드립니다   더신자 인스타그램     https   www instagram com thesinza    TheSINZA 더신자 채널구독    ,2022-05-19,갤럭시,https://www.youtube.com/watch?v=IOlOneo0Vew,8
60,갤럭시 워치5와 도미노 피자는 무슨 조합     갤럭시 워치5를 지샥으로 만들어주는 액세서리부터 충전독까지 전부 보여드림,62000,갤럭시 워치5 액세서리 보여드리겠으   더신자 인스타그램     https   www instagram com thesinza    TheSINZA 더신자 채널구독    ,2022-08-12,갤럭시,https://www.youtube.com/watch?v=oQQ5epTAmvs,8
61,이런거보심  케이스가 부품 교체됨   힌지 보호 케이스까지 새로운 폴드4 플립4 정품 케이스 전부 보여드림,57000,폴드4  플립4에 새롭게 추가된 정품 케이스를 보여드립니다   더신자 인스타그램     https   www instagram com thesinza    ,2022-08-12,갤럭시z플립 4,https://www.youtube.com/watch?v=qFoquOe15vs,8
62,이 색상 미쳤습니다  플립4 폴드4는 이겁니다 구매전에 보세요 I 버즈2프로 갤럭시워치5 프로까지 모든 색상 모델 보여드립니다,37000,갤럭시Z폴드4  플립4  버즈2 프로  갤럭시워치5  갤럭시워치5 프로까지 핸즈온   더신자 인스타그램      ,2022-08-11,갤럭시z플립 4,https://www.youtube.com/watch?v=P15oVZM7W5U,8
63,폴드4는 진짜 다릅니다  부품 교체 가능함   갤럭시Z폴드4 신박한 정품 케이스 3종 상세 리뷰  모듈 교체형 케이스부터 새로운 스탠드 케이스까지,21000,갤럭시Z폴드4 신박한 정품 케이스 3종 상세 리뷰    갤럭시 버즈2 프로   에어팟 프로 구독자 이벤트    ,2022-08-17,갤럭시폴드4,https://www.youtube.com/watch?v=jCTVc1IE8bg,8
64,성능 비약적 상승  갤럭시Z폴드4 GOS켜고 자세하게 게임 프레임 테스트   발열 체크해봤습니다,33000,  영상 Time Stamp 0 00 Intro 0 06 갤럭시Z폴드4 발열 게임 테스트 0 28 참고 사항 0 43 긱벤치5 테스트 1 19 3DMark 테스트 2 25    ,2022-08-16,갤럭시폴드4,https://www.youtube.com/watch?v=HLWr-2YCKBM,8
65,진짜 아무도 알려주지 않았던 갤럭시Z플립4 Z폴드4 꿀팁 달라진 점 총 13가지  이 기능은 꼭 써보세요    I feat  Z플립4  Z폴드4 5G SK텔레콤 사전예약,44000,갤럭시Z플립4와 Z폴드4를 꿀팁과 달라진 점 소개해드립니다   T다이렉트샵 Z Flip4   Z Fold4 기획전 페이지 링크    ,2022-08-14,갤럭시폴드4,https://www.youtube.com/watch?v=dvyPN1MXOA8,8
66,이런거보심  케이스가 부품 교체됨   힌지 보호 케이스까지 새로운 폴드4 플립4 정품 케이스 전부 보여드림,57000,폴드4  플립4에 새롭게 추가된 정품 케이스를 보여드립니다   더신자 인스타그램     https   www instagram com thesinza    ,2022-08-12,갤럭시폴드4,https://www.youtube.com/watch?v=qFoquOe15vs,8
67,아이폰14 구매전에 꼭 보세요  아이폰14 전 모델 목업 핸즈온  이렇게 바뀝니다 현재까지 유출 스펙까지 총정리 I 아이폰14  아이폰14프로  아이폰14 맥스  아이폰14프로맥스,90000,  영상 Time Stamp 0 00 홀 까꿍 0 16 아이폰14 시리즈 전 모델 목업 언박싱 2 14 아이폰14 프로 목업 4 42 아이폰14 프로 맥스 목업    ,2022-07-18,아이폰14,https://www.youtube.com/watch?v=1Zm8ImJUkzc,8
68,아이폰14 프로 드디어 노치가 사라집니다 실제로보니 꽤 괜찮은듯  아이폰14 시리즈 전 모델 강화유리 핸즈온,36000, 아이폰14  아이폰14프로  아이폰14맥스  아이폰14프로맥스  강화유리 ,2022-07-18,아이폰14,https://www.youtube.com/watch?v=A8o6hgsWRdg,8
69,아이폰14 구매전에 꼭 보세요  아이폰14 전 모델 목업 핸즈온  이렇게 바뀝니다 현재까지 유출 스펙까지 총정리 I 아이폰14  아이폰14프로  아이폰14 맥스  아이폰14프로맥스,90000,  영상 Time Stamp 0 00 홀 까꿍 0 16 아이폰14 시리즈 전 모델 목업 언박싱 2 14 아이폰14 프로 목업 4 42 아이폰14 프로 맥스 목업    ,2022-07-18,iphone 14,https://www.youtube.com/watch?v=1Zm8ImJUkzc,8
70,아이폰14 구매전에 꼭 보세요  아이폰14 전 모델 목업 핸즈온  이렇게 바뀝니다 현재까지 유출 스펙까지 총정리 I 아이폰14  아이폰14프로  아이폰14 맥스  아이폰14프로맥스,90000,  영상 Time Stamp 0 00 홀 까꿍 0 16 아이폰14 시리즈 전 모델 목업 언박싱 2 14 아이폰14 프로 목업 4 42 아이폰14 프로 맥스 목업    ,2022-07-18,iphone 14,https://www.youtube.com/watch?v=1Zm8ImJUkzc,8
71,역대급 떡락  갤럭시 S22시리즈 지금 사야 하는 이유,91000,역대급 떡락  갤럭시 S22 시리즈 지금 사야 하는 이유  본 영상은 국대폰으로부터 금전적 지원을 받아 제작된 컨텐츠입니다  영상에    ,2022-07-18,갤럭시,https://www.youtube.com/watch?v=YzrBT2JIloQ,9
72,아무도 하지 않는  갤럭시 S22 1달 실사용 분석 리뷰,120000, 그 사건  이후로 아무도 리뷰하지 않았던 갤럭시 S22 사실 1달동안 조용히 쓰고 있었는데 제 개인적인 경험과 리뷰를 바탕으로 객관적    ,2022-04-19,갤럭시,https://www.youtube.com/watch?v=XVLxpBXB1iI,9
73,워치4가 무료  갤럭시 Z플립4   Z폴드4 사전예약 총정리,3100,워치4가 무료  갤럭시 Z플립4   Z폴드4 사전예약 총정리   본 영상은 유로광고를 포함하고 있습니다    국대폰 Z플립4   Z폴드4 사전    ,2022-08-17,갤럭시z플립 4,https://www.youtube.com/watch?v=lWuj_Bl6dtk,9
74,다시 떡상할 수 있을까  갤럭시 Z플립4 최신 유출 총정리 ,10000,다시 떡상할 수 있을까  갤럭시 Z플립4 최신 유출 총정리    본 영상은 업체로부터 금전적 지원을 받아 제작된 컨텐츠입니다    국대    ,2022-08-03,갤럭시z플립 4,https://www.youtube.com/watch?v=pie-twBaM_w,9
75,워치4가 무료  갤럭시 Z플립4   Z폴드4 사전예약 총정리,3100,워치4가 무료  갤럭시 Z플립4   Z폴드4 사전예약 총정리   본 영상은 유로광고를 포함하고 있습니다    국대폰 Z플립4   Z폴드4 사전    ,2022-08-17,갤럭시폴드4,https://www.youtube.com/watch?v=lWuj_Bl6dtk,9
76,갬성 끝판왕  2022년에 보는 아이폰 XR 실사용 리뷰 ,28000,갬성 끝판왕  2022년에 보는 아이폰 XR 실사용 리뷰    태그  아이폰XR  아이폰  아이폰XR리뷰   타임 스탬프 0 00 인트로 0 10    ,2022-06-18,아이폰,https://www.youtube.com/watch?v=oJpL3qWMfjU,9
77,재평가 1등  아이폰 11 지금 사도 훌륭한 이유,57000,태그  아이폰11  아이폰11퍼플  아이폰   타임 스탬프 0 00 인트로 0 13 오프닝 0 54 디자인 1 41 배터리 2 17 넘사벽 성능 2 58    ,2022-05-19,아이폰,https://www.youtube.com/watch?v=UYCLMKscCk8,9
78,아이폰 12를 지금 사야하는 이유  feat  역대급 떡락ㄷㄷ  ,81000,안녕하세요 IT에 진심인 남자 티노입니다  오늘은 출시 한지 1년 반이 지났음에도 여전히 인기가 많은 아이폰 12 지금 사야하는    ,2022-06-18,아이폰,https://www.youtube.com/watch?v=577kwrrZ0cY,9
79,사상 최초로 구형 칩셋 재탕  아이폰 14 최신 유출 정리,22000,사상 최초로 구형 칩셋 재탕  아이폰 14 최신 유출 정리   태그  아이폰  아이폰14  아이폰14프로   티노 Info e mail    ,2022-07-18,아이폰14,https://www.youtube.com/watch?v=Ft8NxSp8gP0,9
80, 삼성 직원들도 아이폰 써     현업 연구원들도 인정한 아이폰 미친 성능의 비밀,330000,애플은 뭔 짓을 했길래 삼성과 반도체 기술격차가 이렇게 난걸까요  갤럭시S22 기준으로 AP 칩 격차는 무려 4년에 달합니다 ,2022-07-18,갤럭시,https://www.youtube.com/watch?v=1k2FAWiO7yU,10
81, 삼성 직원들도 아이폰 써     현업 연구원들도 인정한 아이폰 미친 성능의 비밀,330000,애플은 뭔 짓을 했길래 삼성과 반도체 기술격차가 이렇게 난걸까요  갤럭시S22 기준으로 AP 칩 격차는 무려 4년에 달합니다 ,2022-07-18,아이폰,https://www.youtube.com/watch?v=1k2FAWiO7yU,10
82, 삼성 직원들도 아이폰 써     현업 연구원들도 인정한 아이폰 미친 성능의 비밀,330000,애플은 뭔 짓을 했길래 삼성과 반도체 기술격차가 이렇게 난걸까요  갤럭시S22 기준으로 AP 칩 격차는 무려 4년에 달합니다 ,2022-07-18,아이폰,https://www.youtube.com/watch?v=1k2FAWiO7yU,10
83, 삼성 직원들도 아이폰 써     현업 연구원들도 인정한 아이폰 미친 성능의 비밀,330000,애플은 뭔 짓을 했길래 삼성과 반도체 기술격차가 이렇게 난걸까요  갤럭시S22 기준으로 AP 칩 격차는 무려 4년에 달합니다 ,2022-07-18,아이폰14,https://www.youtube.com/watch?v=1k2FAWiO7yU,10
84, 삼성 직원들도 아이폰 써     현업 연구원들도 인정한 아이폰 미친 성능의 비밀,330000,애플은 뭔 짓을 했길래 삼성과 반도체 기술격차가 이렇게 난걸까요  갤럭시S22 기준으로 AP 칩 격차는 무려 4년에 달합니다 ,2022-07-18,iphone 14,https://www.youtube.com/watch?v=1k2FAWiO7yU,10
85, 삼성 직원들도 아이폰 써     현업 연구원들도 인정한 아이폰 미친 성능의 비밀,330000,애플은 뭔 짓을 했길래 삼성과 반도체 기술격차가 이렇게 난걸까요  갤럭시S22 기준으로 AP 칩 격차는 무려 4년에 달합니다 ,2022-07-18,iphone 14 pro,https://www.youtube.com/watch?v=1k2FAWiO7yU,10
86,갤럭시워치5프로 갤워치5는 프로로 사야할 3가지 이유   울트라테크리뷰 ,51000,안녕하십니까  울트라비니군입니다  갤럭시워치5프로로 주문완료하였습니다  프로로 사야할 이유네요  갤럭시워치5프로  갤럭시    ,2022-08-12,갤럭시,https://www.youtube.com/watch?v=ktZCmXhZG-I,11
87,갤럭시워치5프로 갤워치5는 프로로 사야할 3가지 이유   울트라테크리뷰 ,51000,안녕하십니까  울트라비니군입니다  갤럭시워치5프로로 주문완료하였습니다  프로로 사야할 이유네요  갤럭시워치5프로  갤럭시    ,2022-08-12,갤럭시,https://www.youtube.com/watch?v=ktZCmXhZG-I,11
88, 내가  Z폴드4를 거를 수 밖에 없는 4가지 이유 Z플립4는 고민 좀 해보구요ㅋ  울트라테크리뷰 ,35000,안녕하십니까  울트라비니군입니다  갤럭시Z폴드4를 이번에는 구입하지 않고  넘어갈 것 같습니다 ㅎㅎ Z플립4는 마눌님이 원하면    ,2022-08-13,갤럭시z플립 4,https://www.youtube.com/watch?v=PDAfg47Re78,11
89, 내가  Z폴드4를 거를 수 밖에 없는 4가지 이유 Z플립4는 고민 좀 해보구요ㅋ  울트라테크리뷰 ,35000,안녕하십니까  울트라비니군입니다  갤럭시Z폴드4를 이번에는 구입하지 않고  넘어갈 것 같습니다 ㅎㅎ Z플립4는 마눌님이 원하면    ,2022-08-13,갤럭시폴드4,https://www.youtube.com/watch?v=PDAfg47Re78,11
90,갤럭시 폴드3에서 갤럭시S22 울트라로 변경하게된 이유,160000,blog  https   tablet79 tistory com 310  갤럭시 폴드3 S22울트라 S펜                                Track  Try Again    ,2022-03-20,갤럭시,https://www.youtube.com/watch?v=JHO5CHz4_ew,12
91,갤럭시 폴드3에서 갤럭시S22 울트라로 변경하게된 이유,160000,blog  https   tablet79 tistory com 310  갤럭시 폴드3 S22울트라 S펜                                Track  Try Again    ,2022-03-20,갤럭시폴드4,https://www.youtube.com/watch?v=JHO5CHz4_ew,12
92,갤럭시 쓰다가 아이폰으로 갈아탔을때 유형 10가지 ㅣ기특한 토깽,1910000,갤럭시  아이폰  유형 갤럭시만 계속 쓰던 당근이가 아이폰으로 바꿨는데요 ㅋㅋ 과연 잘 적응할수 있을까요  아이폰 유저님들  도와    ,2020-08-17,갤럭시,https://www.youtube.com/watch?v=SWqjsjnUPso,13
93,갤럭시 쓰다가 아이폰으로 갈아탔을때 유형 10가지 ㅣ기특한 토깽,1910000,갤럭시  아이폰  유형 갤럭시만 계속 쓰던 당근이가 아이폰으로 바꿨는데요 ㅋㅋ 과연 잘 적응할수 있을까요  아이폰 유저님들  도와    ,2020-08-17,아이폰,https://www.youtube.com/watch?v=SWqjsjnUPso,13
94,광고X 발열  성능  배터리 개선 확실해  갤럭시 Z 플립4   폴드4 핵심만 담았습니다  빠르게 보고 결정 하세요 ,5400,갤럭시Z플립4  갤럭시Z폴드4  삼성언팩 쿠팡에서 필요한 것 구매하면 고니TV에 도움이 됩니다    아무거나 구매    ,2022-08-17,갤럭시,https://www.youtube.com/watch?v=RHpF9mJh8P0,14
95,광고X 발열  성능  배터리 개선 확실해  갤럭시 Z 플립4   폴드4 핵심만 담았습니다  빠르게 보고 결정 하세요 ,5400,갤럭시Z플립4  갤럭시Z폴드4  삼성언팩 쿠팡에서 필요한 것 구매하면 고니TV에 도움이 됩니다    아무거나 구매    ,2022-08-17,갤럭시z플립 4,https://www.youtube.com/watch?v=RHpF9mJh8P0,14
96,모르면 100  손해보는 갤럭시 Z폴드 플립4 가장 스마트하게 구매하는 방법 ,16000,갤럭시 폴드4 플립4 옆커폰에서 폴드4 플립4 최저가로 구매하기 https   cafe naver com 09tellecom 928943 안녕하세요 ,2022-08-11,갤럭시z플립 4,https://www.youtube.com/watch?v=al3ze_63520,14
97,광고X 발열  성능  배터리 개선 확실해  갤럭시 Z 플립4   폴드4 핵심만 담았습니다  빠르게 보고 결정 하세요 ,5400,갤럭시Z플립4  갤럭시Z폴드4  삼성언팩 쿠팡에서 필요한 것 구매하면 고니TV에 도움이 됩니다    아무거나 구매    ,2022-08-17,갤럭시폴드4,https://www.youtube.com/watch?v=RHpF9mJh8P0,14
98,나무 상자에 담겨서 오는 갤럭시 Z플립4 한정판 언박싱  진짜 퀄리티 깜놀  ,35000,1000대 한정으로 나와서 구하기 어렵다는 그 제품  SK텔레콤 단독으로 나와서 T다이렉트샵에서만 구입할 수 있는 갤럭시 Z 플립4    ,2022-08-17,갤럭시,https://www.youtube.com/watch?v=3slIfRBaocU,15
99,속보  갤럭시Z플립4   갤럭시Z폴드4 빠르게 사용해봤습니다,110000,여러분 갤럭시 폴더블 스마트폰 신제품 궁금하셨죠  제가 정식 공개 전에 잠시 짧게 사용해본 체험 영상을 준비했습니다  궁금한 점    ,2022-08-11,갤럭시,https://www.youtube.com/watch?v=lwOq2XLqQto,15
100,나무 상자에 담겨서 오는 갤럭시 Z플립4 한정판 언박싱  진짜 퀄리티 깜놀  ,36000,1000대 한정으로 나와서 구하기 어렵다는 그 제품  SK텔레콤 단독으로 나와서 T다이렉트샵에서만 구입할 수 있는 갤럭시 Z 플립4    ,2022-08-17,갤럭시z플립 4,https://www.youtube.com/watch?v=3slIfRBaocU,15
101,속보  갤럭시Z플립4   갤럭시Z폴드4 빠르게 사용해봤습니다,110000,여러분 갤럭시 폴더블 스마트폰 신제품 궁금하셨죠  제가 정식 공개 전에 잠시 짧게 사용해본 체험 영상을 준비했습니다  궁금한 점    ,2022-08-11,갤럭시z플립 4,https://www.youtube.com/watch?v=lwOq2XLqQto,15
102,속보  갤럭시Z플립4   갤럭시Z폴드4 빠르게 사용해봤습니다,110000,여러분 갤럭시 폴더블 스마트폰 신제품 궁금하셨죠  제가 정식 공개 전에 잠시 짧게 사용해본 체험 영상을 준비했습니다  궁금한 점    ,2022-08-11,갤럭시폴드4,https://www.youtube.com/watch?v=lwOq2XLqQto,15
103,아이폰 홈화면 이렇게 설정하면 삶의 질이 올라간다 따라해 제발 ,700000,여러분 안녕  오랜만에 돌아온  앱천재 입니다  호호 오늘은 아이폰10년 차가 어떻게 아이폰을 설정해두고 있는지 꿀팁을 가져    ,2022-04-19,아이폰,https://www.youtube.com/watch?v=dC6i596tpAY,15
104,59만원짜리 아이폰SE 3세대 직접 써봤습니다  살지말지 알려드림,320000,아이폰SE 3세대 관심갖고 고민중인 분들이 많길래 최대한 빠르게 리뷰 준비해봤습니다  아이폰SE 2세대 화이트와 아이폰SE 3세대    ,2022-04-19,아이폰,https://www.youtube.com/watch?v=IcKb79_IsHw,15
105,아이폰13 Pro 2달 동안 미친듯이 써본 리뷰,340000,여러분  오래 기다리셨습니다  드디어  아이폰13 리뷰 준비했습니다  제가 주로 사용한 기종은 아이폰13 프로 맥스이지만  아이폰13    ,2021-12-20,아이폰,https://www.youtube.com/watch?v=62uSNhBZKcc,15
106,갤럭시 Z 폴드 4 진짜 잘 나왔을까  심층분석  다운그레이드 된 5가지와 업그레이드 된 것들,93000,갤럭시 Z 폴드 4를 상세히 분석해 봤어요  확실히 많은 부분이 업그레이드 되었지만  오히려 다운그레이드 된 부분도 다섯 가지나    ,2022-08-15,갤럭시,https://www.youtube.com/watch?v=ywHrxpomg60,16
107,갤럭시탭에서 아이패드로 넘어갑니다 ,100000,오랫동안 사귀   는 아니고 사용했던 갤럭시탭에서 아이패드로 넘어갑니다  어떤 이유 때문에 넘어가는지  어떤 점이 특히 좋았고 사용    ,2022-06-18,갤럭시,https://www.youtube.com/watch?v=r5klzjZL7Ag,16
108,갤럭시 Z 폴드 4 진짜 잘 나왔을까  심층분석  다운그레이드 된 5가지와 업그레이드 된 것들,93000,갤럭시 Z 폴드 4를 상세히 분석해 봤어요  확실히 많은 부분이 업그레이드 되었지만  오히려 다운그레이드 된 부분도 다섯 가지나    ,2022-08-15,갤럭시폴드4,https://www.youtube.com/watch?v=ywHrxpomg60,16
109,아쉬운 점 거의 다 고쳤네  무게부터 성능  배터리까지 갤럭시 Z 폴드 4가 진짜 기대되는 이유,50000,갤럭시 Z 폴드 4에 대한 정보가 거의 다 공개가 되었습니다  내용을 보니 진짜 이대로만 나와주면 좋겠다 할 정도로 반가운 점이 많았    ,2022-07-27,갤럭시폴드4,https://www.youtube.com/watch?v=laCHLJg4s0M,16
110,갤럭시S22 시리즈 구매 가이드  뭘 사야 되는지 알려드립니다,210000,안녕하세요  엄준입니다  갤럭시S22  S22   S22 울트라 어떤 모델은 사야될까요   본 영상은 민팃의 유료광고를 포함하고 있습니다 ,2022-02-18,갤럭시,https://www.youtube.com/watch?v=wURrfxD_6Gc,17
111,갤럭시 Z폴드4 실물 공개  미리 보고 왔습니다  새로운 디자인  색상  이제 완벽해졌다  ,23000, 당첨자 발표는 09월 12일 커뮤니티 게시판을 통해 발표할 예정입니다    구독하기  https   bit ly 3GX8Bwi   인스펙팅룸 인스타그램     ,2022-08-11,갤럭시,https://www.youtube.com/watch?v=IdXDA1-0rRU,17
112,갤럭시 Z플립4 모든 색상 실물 공개  미리 보고 왔습니다  더 예뻐졌는데 사도 괜찮을까 ,29000, 당첨자 발표는 09월 12일 커뮤니티 게시판을 통해 발표할 예정입니다    구독하기  https   bit ly 3GX8Bwi   인스펙팅룸 인스타그램     ,2022-08-11,갤럭시z플립 4,https://www.youtube.com/watch?v=aO_DC2VdvyQ,17
113,갤럭시 Z플립4  Z폴드4 모든 색상 비교 추천  색상 고민 그만하세요,52000,안녕하세요  인스펙팅룸 별남입니다  갤럭시 Z플립4  갤럭시 Z폴드4 모든 색상을 비교해드립니다    갤럭시 버즈2 프로   에어팟 프로    ,2022-08-12,갤럭시z플립 4,https://www.youtube.com/watch?v=9n3Cf5lLtDM,17
114,갤럭시Z플립4  Z폴드4 9가지 변화  갤럭시 언팩 미리보기,33000,안녕하세요  인스펙팅룸 별남입니다  8월 10일 갤럭시 언팩 행사에서 갤럭시Z폴드4와 Z플립4가 공개될 예정인데요  이번 삼성 폴더    ,2022-08-09,갤럭시z플립 4,https://www.youtube.com/watch?v=ynmvEwhuf4w,17
115,갤럭시 Z폴드4 실물 공개  미리 보고 왔습니다  새로운 디자인  색상  이제 완벽해졌다  ,23000, 당첨자 발표는 09월 12일 커뮤니티 게시판을 통해 발표할 예정입니다    구독하기  https   bit ly 3GX8Bwi   인스펙팅룸 인스타그램     ,2022-08-11,갤럭시폴드4,https://www.youtube.com/watch?v=IdXDA1-0rRU,17
116,갤럭시Z플립4  Z폴드4 9가지 변화  갤럭시 언팩 미리보기,33000,안녕하세요  인스펙팅룸 별남입니다  8월 10일 갤럭시 언팩 행사에서 갤럭시Z폴드4와 Z플립4가 공개될 예정인데요  이번 삼성 폴더    ,2022-08-09,갤럭시폴드4,https://www.youtube.com/watch?v=ynmvEwhuf4w,17
117,아이폰 쓰면 좋은 점 5가지 ,310000,안녕하세요  인스펙팅룸 별남입니다  여러분들은 아이폰을 왜 쓰시나요    구독하기  https   bit ly 3GX8Bwi  인스펙팅룸 인스타그램     ,2021-12-20,아이폰,https://www.youtube.com/watch?v=QgKtOmfvBCM,17
118,아이폰13 프로맥스 생각보다 괜찮은데   한달반 실사용하면서 느낀 현실적인 장단점 ,120000,안녕하세요  인스펙팅룸 별남입니다  아이폰13 프로맥스를 한달반 정도 사용하면서 느낀 장점과 단점에 대해 알려드립니다 ,2021-11-20,아이폰,https://www.youtube.com/watch?v=1MVrUsZ7oi0,17
119,아이폰14 얼마일까  새로운 출고가 등장  애플워치8 시리즈 최신 소식,61000,안녕하세요  인스펙팅룸 엄준입니다  아이폰14  갤럭시Z플립4  갤럭시Z폴드4 애플워치8 등등 다양한 소식 준비했습니다    구독하기     ,2022-08-05,아이폰,https://www.youtube.com/watch?v=4PtP30yXPqY,17
120,아이폰14 새로운 색상 등장  람보르기니와 애플카의 합작  새로운 애플 소식 ,60000,안녕하세요  인스펙팅룸 별남입니다  아이폰14  아이패드10세대  애플카에 대한 소식을 준비했습니다    구독하기     ,2022-08-07,아이폰14,https://www.youtube.com/watch?v=YQK4W2qZG0M,17
121,아이폰14 이렇게 달라진다  주요 변화 5가지,97000,안녕하세요  별남입니다  약 3개월 뒤에 아이폰14 시리즈가 출시되죠  출시까지 얼마 안남았기 때문에 아이폰14에 어떤 변화가 있는지    ,2022-07-18,아이폰14,https://www.youtube.com/watch?v=Me84MxgQSwM,17
122,아이폰14 얼마일까  새로운 출고가 등장  애플워치8 시리즈 최신 소식,61000,안녕하세요  인스펙팅룸 엄준입니다  아이폰14  갤럭시Z플립4  갤럭시Z폴드4 애플워치8 등등 다양한 소식 준비했습니다    구독하기     ,2022-08-05,아이폰14,https://www.youtube.com/watch?v=4PtP30yXPqY,17
123,아이폰14 프로맥스 설계도 유출  이렇게 달라진다,35000,안녕하세요  별남입니다  아이폰14 프로맥스의 설계도가 유출되었습니다  이번 아이폰14 시리즈는 어떻게 달라질까요    구독하기     ,2022-07-18,아이폰14,https://www.youtube.com/watch?v=IYw9Oc0VEoo,17
124,아이폰14 에는 이런 기능이   iOS16 새로운 기능 5가지 미리보기,90000,안녕하세요  별남  iOS 16 퍼블릭 베타가 공개되었습니다  iOS 16 새로운 기능 5가지에 대해 알려드립니다    구독하기     ,2022-07-18,아이폰14,https://www.youtube.com/watch?v=BB3n5h4_oUg,17
125,아이폰14 플러스  대대적으로 인상되는 가격  달라진 배터리  M2 맥북에어 국내 출시일 확정 ,26000,안녕하세요  엄준입니다  아이폰14 의 새로운 소식  M2 맥북에어 국내 출시일이 확정되었습니다  조만간 출시가 기대되는 갤럭시 Z    ,2022-07-18,아이폰14,https://www.youtube.com/watch?v=mJYTMdyR9nM,17
126,WWDC2022 개최  비싸지는 아이폰14 시리즈  새롭게 들어가는 기능은 ,120000,안녕하세요  별남입니다  애플의 WWDC 2022가 6월 6일  현지 시각 에 개최했습니다 새로운 M2 맥북에어와 M2 맥북프로가 출시    ,2022-06-18,아이폰14,https://www.youtube.com/watch?v=92svDwAxCW8,17
127,아이폰14 이렇게 달라진다  주요 변화 5가지,97000,안녕하세요  별남입니다  약 3개월 뒤에 아이폰14 시리즈가 출시되죠  출시까지 얼마 안남았기 때문에 아이폰14에 어떤 변화가 있는지    ,2022-07-18,iphone 14,https://www.youtube.com/watch?v=Me84MxgQSwM,17
128,아이폰14 새로운 색상 등장  람보르기니와 애플카의 합작  새로운 애플 소식 ,60000,안녕하세요  인스펙팅룸 별남입니다  아이폰14  아이패드10세대  애플카에 대한 소식을 준비했습니다    구독하기     ,2022-08-07,iphone 14,https://www.youtube.com/watch?v=YQK4W2qZG0M,17
129,아이폰14 얼마일까  새로운 출고가 등장  애플워치8 시리즈 최신 소식,61000,안녕하세요  인스펙팅룸 엄준입니다  아이폰14  갤럭시Z플립4  갤럭시Z폴드4 애플워치8 등등 다양한 소식 준비했습니다    구독하기     ,2022-08-05,iphone 14,https://www.youtube.com/watch?v=4PtP30yXPqY,17
130,WWDC2022 개최  비싸지는 아이폰14 시리즈  새롭게 들어가는 기능은 ,120000,안녕하세요  별남입니다  애플의 WWDC 2022가 6월 6일  현지 시각 에 개최했습니다 새로운 M2 맥북에어와 M2 맥북프로가 출시    ,2022-06-18,iphone 14,https://www.youtube.com/watch?v=92svDwAxCW8,17
131,아이폰14 얼마일까  새로운 출고가 등장  애플워치8 시리즈 최신 소식,61000,아이폰14  갤럭시Z플립4  갤럭시Z폴드4 애플워치8 등등 다양한 소식 준비했습니다    구독하기  https   bit ly 3GX8Bwi   인스펙팅룸    ,2022-08-05,iphone 14 pro,https://www.youtube.com/watch?v=4PtP30yXPqY,17
132,갤럭시 S21   S21 플러스 리뷰  지금까지 이런 S는 없었다  4K ,900000,  올해는 큰 변화가 없었어요  아니지  밖은 많이 변했지만 안은 거의 동일하다는게 맞겠네요  제일 큰 변화는 가격인데  S21은 무려    ,2021-08-17,갤럭시,https://www.youtube.com/watch?v=WuUBhPGurwk,18
133,쓸만하다  생각보단  갤럭시 A53 5G 리뷰,250000,574000원이라는 가격을 생각해 볼 때  아이폰 SE 3세대 가 유력한 경쟁 제품일텐데  성능이야 물론 비교가 안 되지만 저는 그 베젤이    ,2022-04-19,갤럭시,https://www.youtube.com/watch?v=BkmYhfHI6UQ,18
134,보조금도 스펙인가  갤럭시 S22   S22 플러스 리뷰,340000,  S22 울트라 리뷰에서 시리즈 전반에 대한 제 감정은 설명해 드린 것 같아서 간단하게만 정리해 드리고 싶었는데 두 기종이라 결국    ,2022-05-19,갤럭시,https://www.youtube.com/watch?v=HUdVUTtuV2A,18
135,플래그십의 배신  갤럭시 S22 울트라 리뷰,490000,아주 괘씸한데다  이미지가 박살나서 애매하긴 한데 안타깝게도 통화 녹음 등의 이유로 안드로이드 스마트폰이 반드시 필요하다면     ,2022-05-19,갤럭시,https://www.youtube.com/watch?v=6dtGQmLp5E4,18
136,이 쯤 되면 자기 복제   갤럭시 A13 개봉기,150000,거기다 첫 인상이긴 한데 하필 엑시노스 850이라 꽤나 느려 보여요  보급형에 바라는게 많은게 아니라 297000원이면 적은 돈 아니    ,2022-07-27,갤럭시,https://www.youtube.com/watch?v=HDaFtyuONe4,18
137,갤럭시 Z 플립4  버즈2 프로  그리고 워치5 오늘 처음 써 봤습니다,280000,근데 어쩌죠  별로 안 변한 제품인데다 가격도 올라서 비호감에 가깝게 시작했는데 막상 보니까 나쁘지 않은데  플립4는 경첩이 쫀쫀    ,2022-08-14,갤럭시,https://www.youtube.com/watch?v=4s-ko9RO8xs,18
138,소 잃고 뇌 약간 고치기      갤럭시 A33 5G 개봉기,140000,사실 심한 모델 인플레이션으로 이제 3 계열이 50만원 돈이라는걸 어떻게 받아들여야 할지 모르겠는데 일단 기기 자체는 꽤 괜찮아    ,2022-08-03,갤럭시,https://www.youtube.com/watch?v=2RfE6owOPgw,18
139,신형 엑시노스 탑재   갤럭시 A53 5G 개봉기,310000,  5nm의 신형 엑시노스 1280을 탑재한게 제일 궁금한 갤럭시 A53 5G  바로 뜯어 봤습니다  전반적으로는 전작인 갤럭시 A52s 5G와    ,2022-04-19,갤럭시,https://www.youtube.com/watch?v=SGZeAELhSQw,18
140,갤럭시Z 폴드4 초기 필수 설정 및 꿀팁 10가지  사자마자 꼭 변경하세요  태스크바부터 스와이프 제스처까지,917,갤럭시z폴드4  갤럭시z플립4 갤럭시Z 폴드4 초기 필수 설정 및 꿀팁 10가지  사자마자 꼭 변경하세요  태스크바부터 스와이프 제스처    ,2022-08-17,갤럭시,https://www.youtube.com/watch?v=_dRmq56kP8w,19
141,갤럭시Z 폴드4 초기 필수 설정 및 꿀팁 10가지  사자마자 꼭 변경하세요  태스크바부터 스와이프 제스처까지,922,갤럭시z폴드4  갤럭시z플립4 갤럭시Z 폴드4 초기 필수 설정 및 꿀팁 10가지  사자마자 꼭 변경하세요  태스크바부터 스와이프 제스처    ,2022-08-17,갤럭시폴드4,https://www.youtube.com/watch?v=_dRmq56kP8w,19
142,갤럭시Z 폴드4 vs 플립4 발열 및 성능 테스트  GOS와 벤치마크  충격적인 결과 또 나왔습니다,25000,갤럭시z폴드4  갤럭시z플립4 갤럭시Z 폴드4 vs 플립4 발열 및 성능 테스트  충격적인 벤치마크 결과  GOS 앞에서는 결국 평등하다는    ,2022-08-15,갤럭시폴드4,https://www.youtube.com/watch?v=KATvvDSY17I,19
143,갤럭시Z 폴드4 예상 스펙 미리보기  달라지는 점 3가지 vs 아쉬운 점 3가지  가격 동결 아니면 인상  ,7500,갤럭시z폴드4  폴더블폰 갤럭시Z 폴드4 예상 스펙 미리보기  달라지는 점 3가지 vs 아쉬운 점 3가지  가격 동결 아니면 인상 ,2022-07-27,갤럭시폴드4,https://www.youtube.com/watch?v=99X9angTkM8,19
144,갤럭시Z 폴드4 vs 플립4 발열 및 성능 테스트  GOS와 벤치마크  충격적인 결과 또 나왔습니다,25000,갤럭시z폴드4  갤럭시z플립4 갤럭시Z 폴드4 vs 플립4 발열 및 성능 테스트  충격적인 벤치마크 결과  GOS 앞에서는 결국 평등하다는    ,2022-08-15,갤럭시폴드4,https://www.youtube.com/watch?v=KATvvDSY17I,19
145,아이폰14은 라이트닝  아이폰15은 USB C   애플이 항복 선언한 진짜 이유  ft  EU와 브뤼셀 효과 ,47000,아이폰15  아이폰14 아이폰14은 라이트닝  아이폰15은 USB C   애플이 항복 선언한 진짜 이유  ft  EU와 브뤼셀 효과  개인정보보호    ,2022-07-18,아이폰14,https://www.youtube.com/watch?v=HSAvQm40v2U,19
146,아이폰14 보다 아이폰15 존버해야 하는 이유  라이트닝 빠지고 USB C 탑재  디스플레이 로드맵 정리,18000,아이폰14 보다 아이폰15 존버해야 하는 이유  라이트닝 빠지고 USB C 탑재  디스플레이 로드맵까지 정리해봤습니다  얼리어답터    ,2022-05-19,아이폰14,https://www.youtube.com/watch?v=9yRdi761bHc,19
147,아이폰14 존버 안하면 무조건 후회합니다    스펙 및 가격 정리  8GB 램에 USB C 단자 탑재  ,310000,테크요정 뷔티크 VPD의 촉을 앞세워 주장했던 내용들이 하나둘씩 적중하고 있는 중이죠  개인적으로 카메라와 램 루머는 적용 가능성    ,2022-03-20,아이폰14,https://www.youtube.com/watch?v=6gyPwtcxufo,19
148,아이폰14 프로 역대급 색상  다크퍼플 vs 로얄로즈   iOS16 AOD 루머  딱 한 번만 더 속아봅니다,22000,아이폰14 아이폰14 프로 다크퍼플 vs 로얄로즈 렌더링 공개  iOS16 AOD 루머   딱 한 번만 더 속아봅니다 테크요정 뷔티크에서    ,2022-06-18,아이폰14,https://www.youtube.com/watch?v=PdMPT1t8E4s,19
149,아이폰14 9월 출시 확정   애플워치8 러기드 에디션 스펙 및 가격 루머  1 99인치에 체온 측정 기능까지,23000,아이폰14  애플워치8 아이폰14 9월 출시 확정   애플워치8 러기드 에디션 스펙 및 가격 루머  화면 커지고 체온 측정 기능까지 탑재    ,2022-07-18,아이폰14,https://www.youtube.com/watch?v=i76eOO4Z6-4,19
150,아이폰14 프로 다크 퍼플 나온다고   애플의 가불기 킹정  무조건 존버해야 하는 결정적 이유,19000,아이폰14 프로 다크 퍼플 나온다고   애플의 가불기 인정    무조건 존버할 수밖에 없네요 안 그래도 구매할 생각이었지만 결정타를    ,2022-05-19,아이폰14,https://www.youtube.com/watch?v=Xkxrvx0QPNY,19
151,아이폰14 존버 안하면 무조건 후회합니다    스펙 및 가격 정리  8GB 램에 USB C 단자 탑재  ,310000,테크요정 뷔티크 VPD의 촉을 앞세워 주장했던 내용들이 하나둘씩 적중하고 있는 중이죠  개인적으로 카메라와 램 루머는 적용 가능성    ,2022-03-20,iphone 14,https://www.youtube.com/watch?v=6gyPwtcxufo,19
152,아이폰14 존버 안하면 무조건 후회합니다    스펙 및 가격 정리  8GB 램에 USB C 단자 탑재  ,310000,테크요정 뷔티크 VPD의 촉을 앞세워 주장했던 내용들이 하나둘씩 적중하고 있는 중이죠  개인적으로 카메라와 램 루머는 적용 가능성    ,2022-03-20,iphone 14,https://www.youtube.com/watch?v=6gyPwtcxufo,19
153,톰브라운 유저의 갤럭시 Z 플립4 산타마리아노벨라 에디션을 평가해봄  feat  SKT wonderFlip ,7100,어머 패키지 디테일 무슨일이야  여러분 이거 1000대 한정으로 SKT에서 판매하는 갤럭시 Z 플립4 산타마리아노벨라 아이리스 에디션    ,2022-08-17,갤럭시,https://www.youtube.com/watch?v=rzpHT457WME,20
154,갤럭시 언팩 모든 제품 핸즈온 후기  Z플립4  Z폴드4  워치5  워치5 프로  버즈2 프로 ,38000,꺄  신제품이다  다들 갤럭시 언팩 보셨나요  예상 했던대로 이번에 새롭게 갤럭시 Z시리즈들과 갤럭시워치5  버즈2프로까지 공개가    ,2022-08-12,갤럭시,https://www.youtube.com/watch?v=bCcrX0aJFpI,20
155,갤럭시 Z 폴드 4 GOS 테스트 결과,16000,GOS 이슈 이후 처음 나온 플래그십 제품이다 보니까 Z 시리즈에서는 변화가 있었는지 궁금하더라구요  제가 갖고 있는 제품은 정식    ,2022-08-16,갤럭시z플립 4,https://www.youtube.com/watch?v=lWNbUhfeGxU,20
156,갤럭시 언팩 모든 제품 핸즈온 후기  Z플립4  Z폴드4  워치5  워치5 프로  버즈2 프로 ,38000,꺄  신제품이다  다들 갤럭시 언팩 보셨나요  예상 했던대로 이번에 새롭게 갤럭시 Z시리즈들과 갤럭시워치5  버즈2프로까지 공개가    ,2022-08-12,갤럭시z플립 4,https://www.youtube.com/watch?v=bCcrX0aJFpI,20
157,갤럭시 Z 폴드 4 GOS 테스트 결과,16000,GOS 이슈 이후 처음 나온 플래그십 제품이다 보니까 Z 시리즈에서는 변화가 있었는지 궁금하더라구요  제가 갖고 있는 제품은 정식    ,2022-08-16,갤럭시폴드4,https://www.youtube.com/watch?v=lWNbUhfeGxU,20
158,갤럭시Z폴드4  Z플립4 실물기기 간단하게 살펴보았습니다   SKT 사전예약 구매혜택 ,1900,본 영상은 SKT로부터 소정의 제작비와  제품을 대여받아 제작되었습니다 갤럭시Z폴드4  Z플립4 실물기기 간단하게 살펴보았습니다 ,2022-08-17,갤럭시,https://www.youtube.com/watch?v=W4E7NbTSoVo,21
159,삼성 갤럭시 Z플립4 1분 요약  shorts,6700,삼성 갤럭시 Z플립4 1분 요약  shorts ,2022-08-12,갤럭시z플립 4,https://www.youtube.com/shorts/22JglorBeJs,21
160,Z플립3 1년 장기 리뷰  갤럭시 Z플립4 소식 ,20000,갤럭시 Z플립4 출시전 Z플립3 장단점 다시 한 번 살펴보자 0 00 인트로 0 28 Z플립3 장점 4 23 단점 8 38 Z플립4 출시 예상  z플립4    ,2022-08-04,갤럭시z플립 4,https://www.youtube.com/watch?v=uboMah2OL-k,21
161,아이폰13 뭘 사야될까  고민 해결해드립니다  ,410000,여러분들은 아이폰13 어떤 것을 구매하실 건가요   저는 정했습니다  아이폰13  아이폰13출시  애플 0 00 인트로 0 48 디스플레이    ,2021-10-21,아이폰,https://www.youtube.com/watch?v=QvP_awZ6TEI,21
162,갤럭시 z플립4 사전예약 사은품 혜택  스펙 총정리  SKT  KT  LG 통신사 전용 z플립4 에디션 출시 ,272,갤럭시z플립4  z플립4  사전예약  z플립4에디션   버스폰 사전예약 링크   https   cafe naver com ledtea 680722 갤럭시 z플립4    ,2022-08-17,갤럭시,https://www.youtube.com/watch?v=aBaLHiFPubA,22
163,갤럭시 z플립4 사전예약 사은품 혜택  스펙 총정리  SKT  KT  LG 통신사 전용 z플립4 에디션 출시 ,272,갤럭시z플립4  z플립4  사전예약  z플립4에디션   버스폰 사전예약 링크   https   cafe naver com ledtea 680722 갤럭시 z플립4    ,2022-08-17,갤럭시z플립 4,https://www.youtube.com/watch?v=aBaLHiFPubA,22
164,디자인은 일단 합격  갤럭시 Z플립4  폴드4 얼마나 달라졌을까   SKT 사전예약 구매혜택까지 ,448,무광마감은 정말 신의 한수인듯    이 영상은 T Creator 활동의 일환으로 저작권료를 지급받아 제작되었습니다   T다이렉트샵 Z    ,2022-08-17,갤럭시,https://www.youtube.com/watch?v=XTg3xpmznuc,23
165,디자인은 일단 합격  갤럭시 Z플립4  폴드4 얼마나 달라졌을까   SKT 사전예약 구매혜택까지 ,448,무광마감은 정말 신의 한수인듯    이 영상은 T Creator 활동의 일환으로 저작권료를 지급받아 제작되었습니다   T다이렉트샵 Z    ,2022-08-17,갤럭시폴드4,https://www.youtube.com/watch?v=XTg3xpmznuc,23
166,실 물 깡 패  갤럭시 Z 폴드 4 베이지 실물 후기  shorts,52000,플립에도 베이지가 있었다면     Tag   Z폴드4  갤럭시Z폴드4  베이지   좋아요와 구독은 솨랑입니다  오늘도 라이언 구독하기     ,2022-08-12,갤럭시폴드4,https://www.youtube.com/shorts/2PpRsF-Krq4,23
167,아이폰 14 프로 미리 만져봤습니다    실물 목업으로 확인한 놀라운 변화,83000,i 자형 펀치홀이 생각보다 괜찮을지도 모르겠는데요   Tag   아이폰14프로  아이폰14  애플   좋아요와 구독은 솨랑입니다    ,2022-07-18,아이폰,https://www.youtube.com/watch?v=KSXEdbYQELg,23
168,아이폰 14 프로 미리 만져봤습니다    실물 목업으로 확인한 놀라운 변화,83000,i 자형 펀치홀이 생각보다 괜찮을지도 모르겠는데요   Tag   아이폰14프로  아이폰14  애플   좋아요와 구독은 솨랑입니다    ,2022-07-18,아이폰14,https://www.youtube.com/watch?v=KSXEdbYQELg,23
169,아이폰 14 프로 미리 만져봤습니다    실물 목업으로 확인한 놀라운 변화,83000,i 자형 펀치홀이 생각보다 괜찮을지도 모르겠는데요   Tag   아이폰14프로  아이폰14  애플   좋아요와 구독은 솨랑입니다    ,2022-07-18,iphone 14,https://www.youtube.com/watch?v=KSXEdbYQELg,23
170,아이폰 14 프로 미리 만져봤습니다    실물 목업으로 확인한 놀라운 변화,83000,i 자형 펀치홀이 생각보다 괜찮을지도 모르겠는데요   Tag   아이폰14프로  아이폰14  애플   좋아요와 구독은 솨랑입니다    ,2022-07-18,iphone 14 pro,https://www.youtube.com/watch?v=KSXEdbYQELg,23
171,S10  노트10 쓰는데 폴드4 플립4로 바꿔   말어  ,8000,갤럭시폴드4  플립4  S10노트10에서폴드4로갈아타기  갤럭시노트10  갤럭시S10 핸드폰 교체를 고민중인 S10  노트10 유저들을    ,2022-08-17,갤럭시,https://www.youtube.com/watch?v=3jI61xSx0Ck,24
172,폰 바꿔야되는데 선택지가 갤럭시 밖에 없다    ,19000,갤럭시S22  S22울트라 지금도 S9 10 노트9 10을 쓰고 있는 브라더 시스터들이 핸드폰을 바꾸고 싶은데 과연 갤럭시S22 를 사도    ,2022-06-18,갤럭시,https://www.youtube.com/watch?v=S3_ni3blU4E,24
173,S10  노트10 쓰는데 폴드4 플립4로 바꿔   말어  ,8000,갤럭시폴드4  플립4  S10노트10에서폴드4로갈아타기  갤럭시노트10  갤럭시S10 핸드폰 교체를 고민중인 S10  노트10 유저들을    ,2022-08-17,갤럭시폴드4,https://www.youtube.com/watch?v=3jI61xSx0Ck,24
174,폴드4 플립4 의 진화  변화  ,13000,갤럭시폴드4  갤럭시플립4 갤럭시 언팩 후기  ,2022-08-13,갤럭시폴드4,https://www.youtube.com/watch?v=snMEON8HtF4,24
175,갤럭시 쓰는 남자의 특징 ,170000,끝나지 않는 아이폰과 갤럭시의 싸움 당신의 핸드폰 감성은 무엇입니까   매주 화요일 저녁 7시에 업로드됩니다  Music by 브그밍    ,2022-04-19,갤럭시,https://www.youtube.com/watch?v=Ifh-n_ny3KA,25
176,갤럭시 쓰는 남자의 특징 ,170000,끝나지 않는 아이폰과 갤럭시의 싸움 당신의 핸드폰 감성은 무엇입니까   매주 화요일 저녁 7시에 업로드됩니다  Music by 브그밍    ,2022-04-19,아이폰,https://www.youtube.com/watch?v=Ifh-n_ny3KA,25
177,배터리 깡패가 된  갤럭시Z플립4 와 가로 비율이 늘어난  갤럭시Z폴드4 까지 빠르게 살펴봤습니다   UDC 2 0 현미경 확인   feat  SKT 원더플립,130000, 실물이 궁금하시면 산타마리아노벨라 주요 매장에서 확인도 가능합니다   매장별 전시 일정 상이   소진 속도에 따라 일정 변동 가능     ,2022-08-11,갤럭시,https://www.youtube.com/watch?v=lLfcLMftO40,26
178,2022년 스마트폰 계급도  등급별 S D 로 정리 해봤습니다   내 폰은 어디에   ,110000,항상 최선을 다하여  유용한 정보나 재미있는 영상으로 찾아뵙겠습니다  IT  전자기기  게임 컨텐츠 위주의 컨텐츠를 제작하는    ,2022-07-18,갤럭시,https://www.youtube.com/watch?v=QX1fXRk67FE,26
179,갤럭시Z플립4   폴드4   워치5 프로   버즈 프로2 공개   빠르게 알아보는  디자인 바뀐점 가격 출시일 등등  ,86000,항상 최선을 다하여  유용한 정보나 재미있는 영상으로 찾아뵙겠습니다  IT  전자기기  게임 컨텐츠 위주의 컨텐츠를 제작하는    ,2022-08-03,갤럭시,https://www.youtube.com/watch?v=b-4XTifx-iM,26
180,2022년 스마트폰 계급도  등급별 S D 로 정리 해봤습니다   내 폰은 어디에   ,110000,항상 최선을 다하여  유용한 정보나 재미있는 영상으로 찾아뵙겠습니다  IT  전자기기  게임 컨텐츠 위주의 컨텐츠를 제작하는    ,2022-07-18,갤럭시,https://www.youtube.com/watch?v=QX1fXRk67FE,26
181,배터리 깡패가 된  갤럭시Z플립4 와 가로 비율이 늘어난  갤럭시Z폴드4 까지 빠르게 살펴봤습니다   UDC 2 0 현미경 확인   feat  SKT 원더플립,130000, 실물이 궁금하시면 산타마리아노벨라 주요 매장에서 확인도 가능합니다   매장별 전시 일정 상이   소진 속도에 따라 일정 변동 가능     ,2022-08-11,갤럭시z플립 4,https://www.youtube.com/watch?v=lLfcLMftO40,26
182,갤럭시Z플립4   폴드4   워치5 프로   버즈 프로2 공개   빠르게 알아보는  디자인 바뀐점 가격 출시일 등등  ,86000,항상 최선을 다하여  유용한 정보나 재미있는 영상으로 찾아뵙겠습니다  IT  전자기기  게임 컨텐츠 위주의 컨텐츠를 제작하는    ,2022-08-03,갤럭시z플립 4,https://www.youtube.com/watch?v=b-4XTifx-iM,26
183,배터리 깡패가 된  갤럭시Z플립4 와 가로 비율이 늘어난  갤럭시Z폴드4 까지 빠르게 살펴봤습니다   UDC 2 0 현미경 확인   feat  SKT 원더플립,130000, 실물이 궁금하시면 산타마리아노벨라 주요 매장에서 확인도 가능합니다   매장별 전시 일정 상이   소진 속도에 따라 일정 변동 가능     ,2022-08-11,갤럭시폴드4,https://www.youtube.com/watch?v=lLfcLMftO40,26
184,갤럭시Z플립4   폴드4   워치5 프로   버즈 프로2 공개   빠르게 알아보는  디자인 바뀐점 가격 출시일 등등  ,86000,항상 최선을 다하여  유용한 정보나 재미있는 영상으로 찾아뵙겠습니다  IT  전자기기  게임 컨텐츠 위주의 컨텐츠를 제작하는    ,2022-08-03,갤럭시폴드4,https://www.youtube.com/watch?v=b-4XTifx-iM,26
185,아이폰14   14프로 최종 디자인 확정  애플이 정신 나갔다는 이유는 ,230000,아이폰14   14프로 최종 디자인 확정  애플이 정신 나갔다는 이유는  항상 최선을 다하여  유용한 정보나 재미있는 영상으로 찾아뵙겠    ,2022-04-19,아이폰14,https://www.youtube.com/watch?v=wWZqMvHVvHQ,26
186,아이폰14   14프로 최종 디자인 확정  애플이 정신 나갔다는 이유는 ,230000,아이폰14   14프로 최종 디자인 확정  애플이 정신 나갔다는 이유는  항상 최선을 다하여  유용한 정보나 재미있는 영상으로 찾아뵙겠    ,2022-04-19,iphone 14 pro,https://www.youtube.com/watch?v=wWZqMvHVvHQ,26
187,갤럭시 z플립4 z폴드4 사전예약중  역대급 공시지원금  ,3200,플립4 폴드4 온라인 최저가 사전예약 바로가기   https   cafe naver com no2busphone 48928 ,2022-08-17,갤럭시,https://www.youtube.com/watch?v=0b9HVG8hfjE,27
188,갤럭시 z플립4 z폴드4 사전예약중  역대급 공시지원금  ,3200,플립4 폴드4 온라인 최저가 사전예약 바로가기   https   cafe naver com no2busphone 48928 ,2022-08-17,갤럭시z플립 4,https://www.youtube.com/watch?v=0b9HVG8hfjE,27
189,아이폰14 4800만화소 카메라  알약홀 최종확정  위성통신 및 터치아이디 소식까지  출시일이 다가오긴 합니다 ,17000,지금까지 1200만 화소였던 애플의 카메라  애플의 4800만 화소는 어떨까요   아이폰14  아이폰14프로  아이폰14프로맥스    ,2022-04-19,아이폰14,https://www.youtube.com/watch?v=HRSYSBjcq7M,27
190,갤럭시S22 지금 사도 될까 장점과 단점 알아보자 장점도 있을까 ,67000,갤럭시S22가격 갤럭시S22GOS S22울트라 GOS로 소비자들에게 신뢰를 잃어버린 갤럭시S22 그래도 그 안에서 찾을 수 있는 장점    ,2022-06-18,갤럭시,https://www.youtube.com/watch?v=XHCB00ZphiM,28
191, 국내 최초 리뷰  케이스 크기 빼고 다 바꿨네요  드디어 완성체가 된 삼성 갤럭시 버즈2 프로,73000,Wow  드디어 출시한 Samsung Galaxy Buds2 Pro  케이스 크기 빼고  완전히 다 바뀌었습니다  드디어 완성체가 되었달까요  그리고    ,2022-08-11,갤럭시,https://www.youtube.com/watch?v=euNNQ60tOD4,29
192,갤럭시 2025년 대변화 선언   충격 엑시노스 중단   갤럭시 드림팀 출범   예상 문제점   GOS 해결과 애플 뛰어넘기 ,150000,심성이 시스템반도체 대규모 투자를 결정하고 2025년까지 갤럭시 전용 칩셋을 만들기 위한 TF를 구성한다고 밝혔습니다  무슨 내용    ,2022-06-18,갤럭시,https://www.youtube.com/watch?v=jXXQOktxtB0,30
193,갤럭시Z폴드4 플립4 실물 사진 비교 vs 폴드3 플립3    폴드4 UDC 이렇게 좋아집니다,79000,갤럭시Z폴드4 플립4 실물 사진을 분석합니다   갤럭시Z폴드4  디자인  플립4  UDC  카메라  S펜  색상 ,2022-08-08,갤럭시,https://www.youtube.com/watch?v=P-1-zYx4_J8,30
194,갤럭시Z폴드4   플립4의 모든 것을 보여드립니다   모든 색상   새로운 기능   폴드3 플립3 비교   카메라   UDC   디자인   주름   터치패드   배터리,40000,갤럭시 Z 플립4와 갤럭시 Z 폴드4를 함께 자세히 살펴보겠습니다   갤럭시Z플립4  갤럭시Z폴드4  자세히보기  언팩  주름 00 00    ,2022-08-11,갤럭시z플립 4,https://www.youtube.com/watch?v=E-pEt2m6T0Q,30
195,갤럭시Z플립4   Z폴드4 정품 케이스 전부 보기   역대급 아이템 장착 기능 케이스 등장,46000,갤럭시Z폴드4 플립4와 함게 출시되는 삼성 정품 케이스들을 살펴보겠습니다   갤럭시Z폴드4  플립4  케이스  정품 ,2022-08-12,갤럭시z플립 4,https://www.youtube.com/watch?v=oq55cfKiaKI,30
196,갤럭시 Z폴드4 플립4 달라진 점 총정리   언팩 미리보기,280000,갤럭시Z플립4와 Z폴드4의 좋아진 달라진  점을 모두 보여드립니다  Galaxy Z Flip 4 Rendering    ,2022-07-18,갤럭시z플립 4,https://www.youtube.com/watch?v=N8UIVFMlsZE,30
197,갤럭시Z플립4 폴드4 출시 가격   비스포크 색상   공식 케이스 5종 공개   사은품 미리 골라보기,170000,갤럭시Z폴드4 Z플립4의 사전예약 사은품으로 제공될 수 있는 삼성 공식 케이스들을 미리 만나보세요   Z플립4  Z폴드4  가격  색상    ,2022-08-04,갤럭시z플립 4,https://www.youtube.com/watch?v=SJDoEDrZGas,30
198,갤럭시Z폴드4 벌써 아마존에 올라옴   새로운 사실 5가지   판매 페이지 분석,110000,아마존에 올라온 갤럭시Z폴드4의 판매 페이지를 분석해보겠습니다   갤럭시Z폴드4  S펜  갤럭시Z플립4  내비게이션바    ,2022-08-07,갤럭시폴드4,https://www.youtube.com/watch?v=H-9lkrqiN3Q,30
199,갤럭시Z플립4 폴드4 출시 가격   비스포크 색상   공식 케이스 5종 공개   사은품 미리 골라보기,170000,갤럭시Z폴드4 Z플립4의 사전예약 사은품으로 제공될 수 있는 삼성 공식 케이스들을 미리 만나보세요   Z플립4  Z폴드4  가격  색상    ,2022-08-04,갤럭시폴드4,https://www.youtube.com/watch?v=SJDoEDrZGas,30
200,갤럭시Z폴드4 플립4 실물 사진 비교 vs 폴드3 플립3    폴드4 UDC 이렇게 좋아집니다,79000,갤럭시Z폴드4 플립4 실물 사진을 분석합니다   갤럭시Z폴드4  디자인  플립4  UDC  카메라  S펜  색상 ,2022-08-08,갤럭시폴드4,https://www.youtube.com/watch?v=P-1-zYx4_J8,30
201,갤럭시Z플립4   Z폴드4 정품 케이스 전부 보기   역대급 아이템 장착 기능 케이스 등장,46000,갤럭시Z폴드4 플립4와 함게 출시되는 삼성 정품 케이스들을 살펴보겠습니다   갤럭시Z폴드4  플립4  케이스  정품 ,2022-08-12,갤럭시폴드4,https://www.youtube.com/watch?v=oq55cfKiaKI,30
202,갤럭시 Z폴드4 플립4 달라진 점 총정리   언팩 미리보기,280000,갤럭시Z플립4와 Z폴드4의 좋아진 달라진  점을 모두 보여드립니다  Galaxy Z Flip 4 Rendering    ,2022-07-18,갤럭시폴드4,https://www.youtube.com/watch?v=N8UIVFMlsZE,30
203,갤럭시Z폴드4   플립4의 모든 것을 보여드립니다   모든 색상   새로운 기능   폴드3 플립3 비교   카메라   UDC   디자인   주름   터치패드   배터리,40000,갤럭시 Z 플립4와 갤럭시 Z 폴드4를 함께 자세히 살펴보겠습니다   갤럭시Z플립4  갤럭시Z폴드4  자세히보기  언팩  주름 00 00    ,2022-08-11,갤럭시폴드4,https://www.youtube.com/watch?v=E-pEt2m6T0Q,30
204,갤럭시Z플립4 폴드4 삼성 공식 이미지  색상 유출   공식 초대 영상 공개,290000,삼성이 8월 10일 언팩 공식 초대장 영상을 공개했습니다  더불어 Z폴드4와 Z플립4의 공식 이미지도 함께 유출됐습니다   갤럭시Z    ,2022-07-27,갤럭시폴드4,https://www.youtube.com/watch?v=9ApR5wuJEyc,30
205,갤럭시Z폴드4의 놀라운 발전 6가지   삼성의 꿈을 이룬다,250000,갤럭시Z폴드4의 주목할만한 변화점에 대해 알아보겠습니다   갤럭시Z폴드4  UDC  주름  GOS  카메라  힌지  달라지는점    ,2022-06-18,갤럭시폴드4,https://www.youtube.com/watch?v=2Q4YwBoDnqk,30
206,아이폰14를 미리 만나보세요   가장 정확한 아이폰14 모습   퍼플 컬러의 매력,45000,아이폰14를 가장 정확하고 정밀하게 묘사한 렌더링이 등장했습니다  아이폰14를 미리 만나보세요   아이폰14  프로  맥스    ,2022-06-18,아이폰14,https://www.youtube.com/watch?v=U2o6YiScwdU,30
207,갤럭시 Z 폴드 4 벤치마크  GOS ON 게임 성능  발열 간단 테스트  이게 8  Gen 1의 파워인가요 ,81000,벤치마크 구동 및 발열 테스트 시  Z 폴드 4를 포함한 모든 갤럭시 기기에서 써멀 가디언  온도 기준값 조절  설정은 건드리지 않고    ,2022-08-15,갤럭시,https://www.youtube.com/watch?v=Y_HgGZoRjfw,31
208,  세이브더갤럭시  갤럭시 연애조작단,8000,이 영상에는 간접광고 및 가상광고가 포함되어 있습니다   This clip contains indirect and virtual advertisement  Galaxy Love Agency    ,2022-08-17,갤럭시,https://www.youtube.com/watch?v=HysjMTHQYlA,32
209,평생 갤럭시 쓰다가 아이폰으로 넘어와서 느끼는 장점 12가지,130000,평생 안드로이드  갤럭시만 쓰다가 아이폰으로 넘어와서 느끼는 장점 12가지를 정리해봤습니다  아이폰 13    ,2022-04-19,갤럭시,https://www.youtube.com/watch?v=AucUt1iI4DQ,33
210,평생 갤럭시 쓰다가 아이폰으로 넘어와서 느끼는 장점 12가지,130000,평생 안드로이드  갤럭시만 쓰다가 아이폰으로 넘어와서 느끼는 장점 12가지를 정리해봤습니다  아이폰 13    ,2022-04-19,아이폰,https://www.youtube.com/watch?v=AucUt1iI4DQ,33
211,평생 갤럭시  안드로이드 쓰다가 아이폰으로 넘어가면 불편한 점 20가지,110000,제가 사용하면서 느낀  그리고 다른 분들이 말씀해주신 안드로이드에서 아이폰으로 넘어가 사용하면서 불편한 점을 정리해보았습니다    ,2022-04-19,아이폰,https://www.youtube.com/watch?v=CTQBJ9Ejc2g,33
212,평생 갤럭시 쓰다가 아이폰으로 넘어와서 느끼는 장점 12가지,130000,평생 안드로이드  갤럭시만 쓰다가 아이폰으로 넘어와서 느끼는 장점 12가지를 정리해봤습니다  아이폰 13    ,2022-04-19,아이폰14,https://www.youtube.com/watch?v=AucUt1iI4DQ,33
213,평생 갤럭시  안드로이드 쓰다가 아이폰으로 넘어가면 불편한 점 20가지,110000,제가 사용하면서 느낀  그리고 다른 분들이 말씀해주신 안드로이드에서 아이폰으로 넘어가 사용하면서 불편한 점을 정리해보았습니다    ,2022-04-19,아이폰14,https://www.youtube.com/watch?v=CTQBJ9Ejc2g,33
214,평생 갤럭시 쓰다가 아이폰으로 넘어와서 느끼는 장점 12가지,130000,평생 안드로이드  갤럭시만 쓰다가 아이폰으로 넘어와서 느끼는 장점 12가지를 정리해봤습니다  아이폰 13    ,2022-04-19,iphone 14,https://www.youtube.com/watch?v=AucUt1iI4DQ,33
215,평생 갤럭시 쓰다가 아이폰으로 넘어와서 느끼는 장점 12가지,130000,평생 안드로이드  갤럭시만 쓰다가 아이폰으로 넘어와서 느끼는 장점 12가지를 정리해봤습니다  아이폰 13    ,2022-04-19,iphone 14 pro,https://www.youtube.com/watch?v=AucUt1iI4DQ,33
216,갤럭시 Z 폴드4 플립4 워치5까지  미리보는 언팩 ,30000,갤럭시 언팩까지 기다리지 마시라고 지금 당장 언팩을 해   드리겠습니다  음악  Longing   Joakim Karud  Vlog No Copyright Music     ,2022-08-03,갤럭시,https://www.youtube.com/watch?v=7ww5fAOz1-U,34
217,갤럭시 Z 폴드4 플립4 워치5까지  미리보는 언팩 ,30000,갤럭시 언팩까지 기다리지 마시라고 지금 당장 언팩을 해   드리겠습니다  음악  Longing   Joakim Karud  Vlog No Copyright Music     ,2022-08-03,갤럭시z플립 4,https://www.youtube.com/watch?v=7ww5fAOz1-U,34
218, 갤럭시 안전프로젝트  9화 매시매시의 비밀,1680000,대한민국의 안전을 지키기 위해  갤럭시 프로젝트 가  갤럭시 안전학교 로 돌아왔다  사회 곳곳에 만연한 안전 불감증과 각종 어린이    ,2017-08-18,갤럭시,https://www.youtube.com/watch?v=ue2Wyij0-Hk,35
219,갤럭시 안전 프로젝트   3화 밝혀진 비밀_ 001,690000,갤럭시 안전 프로젝트  비밀스러운 갤럭시 프로젝트의 정체가 안전학교 학생에게 들킬 위험에 처한다   놀이터 안전 교육 수업    ,2017-08-18,갤럭시,https://www.youtube.com/watch?v=OHWLsmvef0I,35
220,프라이데이 나이트 펑킨 갤럭시 모드 업데이트   FNF In the Galaxy mod,240000,0 00 시작 0 08 대화1 1 40 cona 4 05 대화2 4 39 underworld 7 25 대화3 7 58 cyber 모드 다운로드    ,2021-10-21,갤럭시,https://www.youtube.com/watch?v=NotTfz7MnJQ,36
221,전세계 칩셋 통일  갤럭시 S23 시리즈 칩셋  성능  발열  엑시노스 등 새로운 소식,54000,정보   태그  갤럭시S23  삼성  z폴드4  z플립4   KEVIN 케빈 Twitter  https   twitter com Kevinnna2 Instagram     ,2022-07-18,갤럭시,https://www.youtube.com/watch?v=7zN1OpMlV30,37
222,UDC 좋아졌네   갤럭시 Z플립4   폴드4 실물  홍보 이미지  멀티태스킹등 추가 소식,14000,8월 10일 테크투데이 시작합니다  오늘도 계속해서 갤럭시 Z플립4와 폴드4에 관한 내용 전해드리도록 할텐데  먼저 갤럭시 Z플립4에    ,2022-08-11,갤럭시z플립 4,https://www.youtube.com/watch?v=iq3o7ZchZDs,37
223,베이지 너무 이쁜데   갤럭시 Z플립4  폴드4   버즈2 프로 등 언팩 이벤트 간단 총 정리,31000,8월 11일 테크투데이 시작합니다  오늘은 어제 저녁에 진행됐던 8월 갤럭시 언팩에서 출시된 제품들에 관하여 정리하는 방식으로 전해    ,2022-08-11,갤럭시z플립 4,https://www.youtube.com/watch?v=QmCtP1JaCmU,37
224,30분만에 50   갤럭시 Z플립4   폴드4 카메라  UDC  충전  배터리 등 추가 소식,9500,8월 8일 테크투데이 시작합니다  오늘도 계속해서 갤럭시 Z플립4와 폴드4에 관한 내용 전해드리도록 할텐데  먼저 갤럭시 버즈2 프로    ,2022-08-09,갤럭시z플립 4,https://www.youtube.com/watch?v=8pNMMbmEI4c,37
225,블루 실물 이쁘다   갤럭시 Z플립4   폴드4 실물 사진  색상  베젤  힌지 등 새로운 소식,34000,8월 7일 테크투데이 시작합니다  오늘도 계속해서 갤럭시 Z플립4와 폴드4에 관한 내용 전해드리도록 할텐데  먼저 어제 못전해드린    ,2022-08-08,갤럭시z플립 4,https://www.youtube.com/watch?v=cFz0OQf7WDo,37
226,플립은 무거워졌네   갤럭시 Z플립4   폴드4 전체 스펙  무게  기능 등 추가 소식,21000,8월 9일 테크투데이 시작합니다  오늘도 계속해서 갤럭시 Z플립4와 폴드4에 관한 내용 전해드리도록 할텐데  이전에 나왔던 내용들을    ,2022-08-10,갤럭시z플립 4,https://www.youtube.com/watch?v=7nrCVm-3_NE,37
227,카메라 너무 좋아졌다   갤럭시 Z폴드4 단기간 사용 후기,23000,반갑습니다 케빈입니다  오늘 영상에서는 갤럭시 Z플립4와 폴드4 국내 사전예약 관련 내용 간단하게 정리하는 시간을 가져보도록    ,2022-08-15,갤럭시폴드4,https://www.youtube.com/watch?v=ZjzjzZJIAXk,37
228,카메라 너무 좋아졌다   갤럭시 Z폴드4 단기간 사용 후기,23000,반갑습니다 케빈입니다  오늘 영상에서는 갤럭시 Z플립4와 폴드4 국내 사전예약 관련 내용 간단하게 정리하는 시간을 가져보도록    ,2022-08-15,갤럭시폴드4,https://www.youtube.com/watch?v=ZjzjzZJIAXk,37
229,몇시간 안남았다   갤럭시 Z플립4   폴드4 국내 사전예약  eSIM  보호필름 등 추가 정보 정리,22000,반갑습니다 케빈입니다  아시다시피 그저께 영상에서 국내 사전예약 사은품과  국내 사전예약 일정에 관해서 전해드렸었는데요     ,2022-08-16,갤럭시폴드4,https://www.youtube.com/watch?v=seXJ98k724o,37
230,메리트가 있을까    갤럭시 Z플립4   폴드4 국내 사전예약 정보 간단 정리,40000,반갑습니다 케빈입니다  오늘 영상에서는 갤럭시 Z플립4와 폴드4 국내 사전예약 관련 내용 간단하게 정리하는 시간을 가져보도록    ,2022-08-13,갤럭시폴드4,https://www.youtube.com/watch?v=LwfsA_vm1iA,37
231,프로만 빨라진다  아이폰 14 라인업 성능  무게  램 용량 등 추가 소식,25000,7월 26일 테크투데이 시작합니다  오늘은 오래간만에 아이폰 14 라인업에 관한 내용 전해드리도록 할텐데  먼저 애플워치 시리즈8에    ,2022-07-27,아이폰14,https://www.youtube.com/watch?v=eZcIzoDNFu4,37
232,베이퍼 챔버 탑재  아이폰 14 색상  발열  칩셋  성능 등 추가 소식,16000,8월 5일 테크투데이 시작합니다  오늘은 오래간만에 아이폰 14 라인업에 관한 내용 전해드리도록 할텐데  그전에 못전해드린 내용들    ,2022-08-06,아이폰14,https://www.youtube.com/watch?v=DkMAmdPyvQs,37
233,일반은 유지  아이폰 14 랜더링  디자인  가격 및 애플워치8 가격 소식,18000,정보   태그  아이폰14  애플  카메라  아이폰14프로  ios16  애플워치8  애플워치SE   KEVIN 케빈 Twitter     ,2022-07-20,아이폰14,https://www.youtube.com/watch?v=Ru7iFl-tP-Y,37
234,맥스 재고 없을듯   아이폰 14 발표 일정  가격 이상 및 애플워치8 디자인  센서 등 추가 소식,31000,정보   태그  아이폰14  애플  카메라  아이폰14프로  ios16  애플워치8  애플워치SE   KEVIN 케빈 Twitter     ,2022-07-18,아이폰14,https://www.youtube.com/watch?v=nhFzS-YrFZs,37
235,갤럭시 신제품 전체 색상 보고 추천 색 골라 보았습니다   Z폴드4  Z플립4  워치5 프로 ,2000,갤럭시 스튜디오에 가서 갤럭시Z폴드4와 플립4  워치5와 갤럭시 버즈 프로2를 보고 왔습니다  디자인은 전작과 큰 차이가 없어서 색깔    ,2022-08-16,갤럭시,https://www.youtube.com/watch?v=DT3Qt6xK2qE,38
236,아이폰14 바뀌는 점은  프로를 사야 하는 이유들,13000,9월에 공개될 아이폰14 시리즈에 대한 정보들이 솔솔 흘러나오고 있습니다  믿을만한 해외 IT 유출러들과 IT 매체에서 이야기하는    ,2022-07-18,아이폰14,https://www.youtube.com/watch?v=8Vmkp2-thEM,38
237,갤럭시Z 폴드4   아마존이 다했다 ㅋㅋ,110000,아마존에 사는 사람 이름은 아마 존  엌ㅋㅋㅋㅋㅋㅋㅋㅋㅋㅋㅋㅋ BGM Buddha by Kontekst https   soundcloud com kontekstmusic    ,2022-08-09,갤럭시,https://www.youtube.com/watch?v=qExod4c64Sk,39
238,갤럭시S23 울트라   3년 재탕,86000,갤럭시S23 울트라  폴드4 독점 컬러에 대한 소식입니다 0 00 S23 울트라 망원 2 14 폴드4 독점 컬러 3 42 마무리    ,2022-08-03,갤럭시,https://www.youtube.com/watch?v=7ukJ3QpKgYA,39
239,갤럭시Z 폴드4   아마존이 다했다 ㅋㅋ,110000,아마존에 사는 사람 이름은 아마 존  엌ㅋㅋㅋㅋㅋㅋㅋㅋㅋㅋㅋㅋ BGM Buddha by Kontekst https   soundcloud com kontekstmusic    ,2022-08-09,갤럭시폴드4,https://www.youtube.com/watch?v=qExod4c64Sk,39
240,아이폰14 프로   하면 잘하는 놈들이 꼭 화를 내야 하지,110000,아이폰14 프로에 대한 소식입니다 https   9to5mac com 2022 07 28 iphone 14 pro always on ios 16 wallpaper  BGM Buddha by    ,2022-08-04,아이폰14,https://www.youtube.com/watch?v=bLXdyhO9G8o,39
241,아이폰14   지금까지의 장점은 이제 없다,79000,아이폰14 아마추어    ,2022-07-18,아이폰14,https://www.youtube.com/watch?v=6NiYcnGnHBk,39
242,아이폰14   정신나갈것같애 정신나갈것같애 정신나갈것같애,240000,아이폰14에 대한 소식입니다 https   www thesun co uk tech 19125079 iphone 14 price prediction leak how much cost apple     ,2022-07-18,아이폰14,https://www.youtube.com/watch?v=msuRKTFjoP0,39
243,아이폰14 프로   올해도 걱정ㄴ,88000,애플워치도 배터리 좀 https   twitter com VNchocoTaco status 1539613994784550915 BGM Buddha by Kontekst    ,2022-07-18,아이폰14,https://www.youtube.com/watch?v=5C4aEFS2Cco,39
244,아이폰14 프로   하면 잘하는 놈들이 꼭 화를 내야 하지,110000,아이폰14 프로에 대한 소식입니다 https   9to5mac com 2022 07 28 iphone 14 pro always on ios 16 wallpaper  BGM Buddha by    ,2022-08-04,iphone 14,https://www.youtube.com/watch?v=bLXdyhO9G8o,39
245,아이폰14 프로   하면 잘하는 놈들이 꼭 화를 내야 하지,110000,아이폰14 프로에 대한 소식입니다 https   9to5mac com 2022 07 28 iphone 14 pro always on ios 16 wallpaper  BGM Buddha by    ,2022-08-04,iphone 14 pro,https://www.youtube.com/watch?v=bLXdyhO9G8o,39
246,아이폰14 프로 맥스   맥스는 괜찮은데 프로가 걱정,82000,아이폰14에 대한 소식입니다 0 00 아이폰14 프로 맥스 더미 2 31 아이폰14 케이스 4 02 마무리    ,2022-07-18,iphone 14 pro,https://www.youtube.com/watch?v=PTd9BwzbasY,39
247,갤럭시 z플립4   z폴드4 언박싱과 GOS 테스트 완료요  삼성 화이팅    용팔이 훈련소,16000,안녕하세요 용훈의 이승규입니다  간단하게 삼성 갤럭시 z플립4와 z폴드4를 언박싱과 테스트 해봤습니다  근데 간단하게 한다고 해도    ,2022-08-15,갤럭시,https://www.youtube.com/watch?v=Pie34ZA26bA,40
248,하반기 초박빙 임박  아이폰14 VS Z플립4   예상 스펙 총정리   당신의 선택은 ,150000,아이폰14  갤럭시z플립4 0 00 인트로 0 11 시작 0 58 아이폰14 7 33 Z플립4  유료광고를 포함하지 않는 영상입니다   instagram    ,2022-07-27,갤럭시,https://www.youtube.com/watch?v=FeS6cNc_9ag,41
249,드디어 나왔다  갤럭시 Z플립4 직접 사용해봤습니다   아직도  이건  문제네요    언박싱 첫인상 리뷰,56000,갤럭시z플립4  플립4 드디어 나온 플립4 제가 직접 만져봤는데요 뭐랄까   어딘가 바뀐듯 안바뀐듯     여러분들의 생각은 어떠신가요 ,2022-08-14,갤럭시z플립 4,https://www.youtube.com/watch?v=aBFQsqHZ8ZM,41
250,하반기 초박빙 임박  아이폰14 VS Z플립4   예상 스펙 총정리   당신의 선택은 ,150000,아이폰14  갤럭시z플립4 0 00 인트로 0 11 시작 0 58 아이폰14 7 33 Z플립4  유료광고를 포함하지 않는 영상입니다   instagram    ,2022-07-27,갤럭시z플립 4,https://www.youtube.com/watch?v=FeS6cNc_9ag,41
251,하반기 초박빙 임박  아이폰14 VS Z플립4   예상 스펙 총정리   당신의 선택은 ,150000,아이폰14  갤럭시z플립4 0 00 인트로 0 11 시작 0 58 아이폰14 7 33 Z플립4  유료광고를 포함하지 않는 영상입니다   instagram    ,2022-07-27,아이폰,https://www.youtube.com/watch?v=FeS6cNc_9ag,41
252,하반기 초박빙 임박  아이폰14 VS Z플립4   예상 스펙 총정리   당신의 선택은 ,150000,아이폰14  갤럭시z플립4 0 00 인트로 0 11 시작 0 58 아이폰14 7 33 Z플립4  유료광고를 포함하지 않는 영상입니다   instagram    ,2022-07-27,아이폰14,https://www.youtube.com/watch?v=FeS6cNc_9ag,41
253,시청자들에게 아이폰  갤럭시 각각 왜 쓰는지 물어봤습니다,280000,진자림 트위치 https   www twitch tv jinjalim   진자림 인스타그램 https   www instagram com lim me_  Song   샛별   A new day ,2022-03-20,갤럭시,https://www.youtube.com/watch?v=_N4rZNjweSM,42
254,시청자들에게 아이폰  갤럭시 각각 왜 쓰는지 물어봤습니다,280000,진자림 트위치 https   www twitch tv jinjalim   진자림 인스타그램 https   www instagram com lim me_  Song   샛별   A new day ,2022-03-20,아이폰,https://www.youtube.com/watch?v=_N4rZNjweSM,42
255, ENG  갤럭시 언팩에 소개된 버즈2 프로   워치5 시리즈의 모든 것  실 사용기 전격 공개   14F,62000,이제는 필수품이 된 웨어러블 제품  삼성에서 갤럭시 웨어러블 신제품이 출시되었는데요  더욱 선명한 음질과 강력해진 노이즈 캔슬링    ,2022-08-12,갤럭시,https://www.youtube.com/watch?v=QYCiV03Ek4I,43
256,Z 플립4   Z 폴드4  과연 얼마나 달라졌을까  4세대 폴더블폰 리뷰   14F,110000,지난 10일  미국 뉴욕에서 열린  삼성 갤럭시 언팩 2022  행사를 통해 공개된 4세대 폴더블폰  Z 폴드4와 Z 플립4에 대한 관심이 뜨거    ,2022-08-13,갤럭시z플립 4,https://www.youtube.com/watch?v=4O13TM6knLM,43
257,Z 플립4   Z 폴드4  과연 얼마나 달라졌을까  4세대 폴더블폰 리뷰   14F,110000,지난 10일  미국 뉴욕에서 열린  삼성 갤럭시 언팩 2022  행사를 통해 공개된 4세대 폴더블폰  Z 폴드4와 Z 플립4에 대한 관심이 뜨거    ,2022-08-13,갤럭시z플립 4,https://www.youtube.com/watch?v=4O13TM6knLM,43
258,Z 플립4   Z 폴드4  과연 얼마나 달라졌을까  4세대 폴더블폰 리뷰   14F,110000,지난 10일  미국 뉴욕에서 열린  삼성 갤럭시 언팩 2022  행사를 통해 공개된 4세대 폴더블폰  Z 폴드4와 Z 플립4에 대한 관심이 뜨거    ,2022-08-13,갤럭시폴드4,https://www.youtube.com/watch?v=4O13TM6knLM,43
259,Z 플립4   Z 폴드4  과연 얼마나 달라졌을까  4세대 폴더블폰 리뷰   14F,110000,지난 10일  미국 뉴욕에서 열린  삼성 갤럭시 언팩 2022  행사를 통해 공개된 4세대 폴더블폰  Z 폴드4와 Z 플립4에 대한 관심이 뜨거    ,2022-08-13,갤럭시폴드4,https://www.youtube.com/watch?v=4O13TM6knLM,43
260, 자막뉴스  갤럭시  z플립4  드디어 공개   얼마나 달라졌을까    YTN,48000,방탄소년단의 노래와 함께 소문만 무성했던 갤럭시Z 플립4가 드디어 베일을 벗었습니다  새로 출시된 갤럭시Z 플립4는 외관상 전작과    ,2022-08-12,갤럭시z플립 4,https://www.youtube.com/watch?v=g26cXHyntEo,44
261,삼성전자  갤럭시Z 플립4 폴드4 공개 오는 26일 출시   JTBC 아침 ,11000,삼성전자가 오늘 11일  새벽  새로운 폴더블폰 시리즈를 공개했습니다  갤럭시Z플립4는 지난 제품보다 촬영 기능이 좋아졌고  Z폴드4    ,2022-08-12,갤럭시z플립 4,https://www.youtube.com/watch?v=bmWrXrncYXY,45
262,삼성전자  갤럭시Z 플립4 폴드4 공개 오는 26일 출시   JTBC 아침 ,11000,삼성전자가 오늘 11일  새벽  새로운 폴더블폰 시리즈를 공개했습니다  갤럭시Z플립4는 지난 제품보다 촬영 기능이 좋아졌고  Z폴드4    ,2022-08-12,갤럭시폴드4,https://www.youtube.com/watch?v=bmWrXrncYXY,45
263,갤럭시 Z 플립4 지금 당장 사야 하는 이유 vs 사면 후회할 이유,3100,갤럭시 Z 플립4 사전예약 하셨나요  혹시 아직 고민중이시라고요  오늘은 갤럭시 Z 플립4의 구매를 고민하는 분들을 위해서 어떤    ,2022-08-17,갤럭시z플립 4,https://www.youtube.com/watch?v=07rp7uF5f1U,46
264,두 달도 안 남은 아이폰14 지금까지 출시정보 한눈에 총정리,28000,이번 아이폰14는 그동안의 아이폰보다 많은 관심과 인기를 끌 것으로 예상되는데요  그러한 많은 분들의 기대만큼 새롭게 달라지는    ,2022-07-20,아이폰14,https://www.youtube.com/watch?v=HNwP7-_Zlxo,46
265,두 달도 안 남은 아이폰14 지금까지 출시정보 한눈에 총정리,28000,이번 아이폰14는 그동안의 아이폰보다 많은 관심과 인기를 끌 것으로 예상되는데요  그러한 많은 분들의 기대만큼 새롭게 달라지는    ,2022-07-20,iphone 14,https://www.youtube.com/watch?v=HNwP7-_Zlxo,46
266,Z플립4  Z폴드4 사전예약 모두 총정리  구매 예정이라면 꼭 보세요  ,14000,Z플립4   Z폴드4 사전예약 13 할인 확정되었습니다  https   link coupang com a vJGfQ  이 포스팅은 쿠팡 파트너스 활동의 일환으로     ,2022-08-16,갤럭시z플립 4,https://www.youtube.com/watch?v=ikHjijAQvag,47
267,함께해요  실물 갤럭시Z 플립4 비스포크 에디션 색상 옐로우  화이트  네이비  카키  레드 순위 정해볼까요    Galaxy Z Flip4 bespoke edition Color,11000,00 00 IT리더 리더유입니다 00 07 갤럭시Z 플립4 비스포크 에디션 색상 구성 1 09 갤럭시Z 플립4 비스포크 에디션 추천 색상 1 30    ,2022-08-16,갤럭시z플립 4,https://www.youtube.com/watch?v=289CsHUUqUI,48
268,함께해요  실물 갤럭시Z 폴드4 색상 팬텀블랙  그레이그린  베이지 순위 정해볼까요    Galaxy Z Fold4 Color,13000,00 00 IT리더 리더유입니다 00 24 갤럭시Z 폴드4 베이지 4 12 갤럭시Z 폴드4 베이지 VS 갤럭시Z 플립3 핑크골드 4 34 갤럭시Z 폴드4    ,2022-08-14,갤럭시폴드4,https://www.youtube.com/watch?v=udQpDrecYgw,48
269,Z플립4 8월 14일 기준 사전예약 최대 할인 지원해주는 매장은    발품팔아 얻은 최신 할인정보 비교 영상    일렉트로마트  홈플러스  삼성디지털프라자 ,7500,z플립4  z폴드4  사전예약  삼성디지털프라자 Time Stamp 00 23 사전예약보다 더 빠른 사전예약  00 53 홈플러스 삼디프 할인    ,2022-08-15,갤럭시z플립 4,https://www.youtube.com/watch?v=7xDnjLDxUZo,49
270,Z플립4  Z폴드4 절대 사전예약하면 안되는 곳 휴대폰 호갱방지 영상 ,20000,Z플립4  Z폴드4 절대 사전예약하면 안되는 곳 휴대폰 호갱방지 영상  폰찍좌 카페 휴대폰 성지  바로가기    ,2022-08-03,갤럭시z플립 4,https://www.youtube.com/watch?v=HNE2YNTcT3w,50
271,Z플립4  Z폴드4 사은품 포기하고 존버가  답 이다  일반개통 때 0원으로 구입하세요 ,16000,Z플립4  Z폴드4 사은품 포기하고 존버가  답 이다  일반개통 때 0원   추천요  폰찍좌 카페 휴대폰 성지  바로가기    ,2022-08-15,갤럭시폴드4,https://www.youtube.com/watch?v=zSrrJxc_lWI,50
272,아이폰14  저렴한 아이폰13   뭘 구입할까  답을 드리겠습니다 ,9000,아이폰14  저렴한 아이폰13   뭘 구입할까  답을 드리겠습니다  폰찍좌 카페 휴대폰 성지  바로가기    ,2022-07-18,아이폰14,https://www.youtube.com/watch?v=b6mIQbFniks,50
273,공식사은품 비공식사은품 사전구매 민팃보상 소식 자급제 이통사 별  Z플립4 Z폴드4 ,68000,00 00 시작 01 10 스펙비교 전작대비  02 24 디프 상담받아봄 02 50 첫인상 04 30 사전구매혜택 업체별 07 10 민팃추가보상 07 40    ,2022-08-12,갤럭시z플립 4,https://www.youtube.com/watch?v=Mvx87ck2wnA,51
274,아이폰14프로맥스 실mock up유출  세부디자인 분석  iPhone14PROMAX 스페이스그레이 ,28000,아이폰14 아이폰14디자인 아이폰14프로유출  인싸G 1533 0666  네이버 카페로 초대 https   cafe naver com playstationvita 상담    ,2022-06-18,아이폰14,https://www.youtube.com/watch?v=WQz42fq0WPI,51
275,갤럭시 Z플립4 기대되는 5가지 이유  역대급 폴더블 폰 되나 ,27000,Z플립4 유출이 거의다 되었네요  변가지 변화점들이 있어서  기대되는 이유 알려드려요  0 00 갤럭시 Z플립4 출시 임박  0 17 디자인    ,2022-08-09,갤럭시z플립 4,https://www.youtube.com/watch?v=0ZoaKjf4cfc,52
276,Z플립4 구매전 꼭 확인하세요  Z플립3 실사용자가 알려주는 9가지 장단점,79000,Z플립3를 메인폰으로 사용했던 기억을 바탕으로 폴더블폰의 장단점이 무엇이 있는지 Z플립4는 어떤 경험을 할수있는지 알려드려요 ,2022-07-27,갤럭시z플립 4,https://www.youtube.com/watch?v=bCJGRliy1vs,52
277,갤럭시 z플립4 이것저것 둘러보기,0,갤럭시 z플립4 이것저것 둘러보기  갤럭시  z플립4  초고속충전 얼리버드 갤럭시 투고 서비스로 3일간 대여 플립4   워치5프로    ,2022-08-17,갤럭시z플립 4,https://www.youtube.com/watch?v=-T9S7batsUs,53
278,What a wonderFlip   당신을 가장 원더한 순간으로 ,13000,    하기 https   www youtube com c SKtelecom  SK텔레콤  갤럭시Z플립4  wonderFlip  WhatawonderFlip  GalaxyZFlip4  원더    ,2022-08-17,갤럭시z플립 4,https://www.youtube.com/watch?v=q_ngvf4_Tuc,54
279,삼성카드  갤럭시 Z 폴드4 Z 플립4 사전 예약 고객 대상 이벤트      뉴스  247,0,세상에서 가장 빠르고  심층적이고  재미있는 채널 뉴스 247   응원해주실 수 있도록 신청해주시면 감사하겠습니다  관심 가져주셔서    ,2022-08-17,갤럭시z플립 4,https://www.youtube.com/watch?v=Grb0oh2tVLY,55
280,삼성카드  갤럭시 Z 폴드4 Z 플립4 사전 예약 고객 대상 이벤트      뉴스  247,0,세상에서 가장 빠르고  심층적이고  재미있는 채널 뉴스 247   응원해주실 수 있도록 신청해주시면 감사하겠습니다  관심 가져주셔서    ,2022-08-17,갤럭시폴드4,https://www.youtube.com/watch?v=Grb0oh2tVLY,55
281,갤럭시 지플립4 핑크골드  그래파이트 I galaxy z flip 4 pink gold  graphite,8700,bellaxblvd gmail com http   www instagram com bellaxblvd _ music   오늘의 일기   https   youtu be AIwgaN0SD1I ,2022-08-12,갤럭시z플립 4,https://www.youtube.com/shorts/kn-w47Bh7CM,56
282,갤럭시Z플립4 디자인 유출되었습니다 ,56000,Shorts  갤럭시Z플립4  Z플립4 안녕하세요  대한민국 스마트폰에 거품을 걷어낸 올댓폰입니다  갤럭시Z플립4의 디자인이 유튜브    ,2022-06-18,갤럭시z플립 4,https://www.youtube.com/shorts/8-sd2_dKt0w,57
283,갤럭시Z플립4 바로 갈아타는 사람 특ㅣkt M모바일ㅣ통신사맨vs알뜰폰걸 EP 5,349,통신사      와 알뜰폰      이 사람이라면  통맨알걸   EP 5 갤럭시Z플립4 EVENT   통맨알걸 특별 댓글 이벤트     이번    ,2022-08-17,갤럭시z플립 4,https://www.youtube.com/watch?v=2nbSojyNsPE,58
284,갤럭시 Z플립4 최종 유출 정보와 최대 45만원 할인받고 구매하는 방법,3300,본 영상은 유료광고가 포함되어 있습니다    8월10일 언팩행사를 통해서 공개 예정인 갤럭시 Z플립4에 대한 지금까지 유출된 소식을    ,2022-08-11,갤럭시z플립 4,https://www.youtube.com/watch?v=9kT_74YQoOM,59
285,언팩5분정리   갤럭시 Z플립4 Z폴드4 워치5 워치5프로 버즈2프로   가격 스펙 출시일  ,7300,Z폴드4  Z플립4  워치5 8월10일 삼성전자의 폴더블 스마트폰 Z폴드4   Z플립4 스마트워치 갤럭시 워치5   워치5프로  그리고 버즈2    ,2022-08-12,갤럭시z플립 4,https://www.youtube.com/watch?v=c4FePv32EaY,59
286,접히는 갤럭시폰z플립3 오래쓴 액정 상태,810000,Shorts  허팝  갤럭시z플립3  갤럭시z플립4  접히는핸드폰액정  액정  갤럭시  z플립  필름 ,2022-08-06,갤럭시z플립 4,https://www.youtube.com/shorts/9vb584wnyNo,60
287,아이폰12프로 버리고 이것으로 갈아탔습니다  장난감 크기인데 현존최강 아이폰12미니  iPhone12mini Review,920000,드디어 아이폰12미니         계속해서 화면이 커지기만 하던 스마트폰을 드디어 장난감 같이 작은 아이폰12미니로      허팝  아이폰12    ,2021-08-17,아이폰,https://www.youtube.com/watch?v=y0zM7saLTWI,60
288,살까 말까 고민이라면  갤럭시 Z폴드4  Z플립4 워치5 실물 후기 및 구매 포인트,24000,No sponsored video  광고    Time Stamp 00 00 인트로 00 35 Z폴드4 05 08 Z플립4 06 51 워치5   5프로 07 49 버즈2프로 08 54    ,2022-08-12,갤럭시z플립 4,https://www.youtube.com/watch?v=XLjIw3W1JEU,61
289,갤럭시 Z폴드4 Z플립4 그래서 뭐가 달라졌나  올컬러 실물 리뷰 그리고 자급제 사전판매 라이브 방송 소식은 덤 삼성전자 Z Fold4 Z Flip4,21000,  어렵게 7개의 드래곤볼 아니 갤럭시 Z 폴드4 그리고 Z 플립4를 모두 구했습니다  전세대와 차이점을 체크해 봤습니다  8월 16일    ,2022-08-12,갤럭시z플립 4,https://www.youtube.com/watch?v=jEUSS_r6bf4,62
290,갤럭시 Z폴드4 Z플립4 그래서 뭐가 달라졌나  올컬러 실물 리뷰 그리고 자급제 사전판매 라이브 방송 소식은 덤 삼성전자 Z Fold4 Z Flip4,21000,  어렵게 7개의 드래곤볼 아니 갤럭시 Z 폴드4 그리고 Z 플립4를 모두 구했습니다  전세대와 차이점을 체크해 봤습니다  8월 16일    ,2022-08-12,갤럭시폴드4,https://www.youtube.com/watch?v=jEUSS_r6bf4,62
291,갤럭시 Z플립4   Z폴드4 출시일 확정   비스포크와 또 다른 에디션까지 준비 중이라고 ,16000,갤럭시 Z플립4   Z폴드4 출시일 확정   비스포크와 또 다른 에디션까지 준비 중이라고  z플립3에서 톰브라운  그리고 포켓몬 에디션    ,2022-08-03,갤럭시z플립 4,https://www.youtube.com/watch?v=UI__2nPJrFk,63
292,뚜렷해진 아이폰 14 디자인  가격  출시일 예상까지 정리 해보았습니다 ,18000,출시를 앞둔 아이폰 14 설계도 유출로 인한 더욱 뚜렷해진 아이폰 14 디자인과 가격  출시일 예상까지 정리 해보았습니다 ,2022-08-03,아이폰14,https://www.youtube.com/watch?v=IYbZqCQganU,63
293,뚜렷해진 아이폰 14 디자인  가격  출시일 예상까지 정리 해보았습니다 ,18000,출시를 앞둔 아이폰 14 설계도 유출로 인한 더욱 뚜렷해진 아이폰 14 디자인과 가격  출시일 예상까지 정리 해보았습니다 ,2022-08-03,iphone 14,https://www.youtube.com/watch?v=IYbZqCQganU,63
294,Samsung Z Fold 4   Flip 4 vs iPhone 13 Pro Max   Xiaomi 12S Ultra   S22 Ultra   BATTERY DRAIN TEST ,100000,Samsung Galaxy Z Fold 4   Z Flip 4 Snapdragon 8  Gen 1 vs Apple iPhone 13 Pro Max vs OnePlus 10 Pro vs Xiaomi 12S Ultra    ,2022-08-15,갤럭시z플립 4,https://www.youtube.com/watch?v=TSvxpzlRplg,64
295,Z플립4 Z폴드4   전 색상 최 초 공 개,6700,z플립4  z폴드4  삼성언팩 통하   여러분 안녕하세요 새롭게 통통테크 크리에이터로 인사 드리는 문필입니다     갤럭시 언팩 프레스    ,2022-08-11,갤럭시z플립 4,https://www.youtube.com/watch?v=EGop1StTXmA,65
296,아이폰14 달라지는 점 총정리,100000,아이폰14  iphone14  iphone14leaks 통하  지난번 하반기 갤럭시 신제품 예상 소식들을 정리해봤다면 오늘은 아이폰입니다   10년    ,2022-06-18,아이폰,https://www.youtube.com/watch?v=fU3G_0JqXTk,65
297,아이폰14 달라지는 점 총정리,100000,아이폰14  iphone14  iphone14leaks 통하  지난번 하반기 갤럭시 신제품 예상 소식들을 정리해봤다면 오늘은 아이폰입니다   10년    ,2022-06-18,아이폰14,https://www.youtube.com/watch?v=fU3G_0JqXTk,65
298,아이폰14 달라지는 점 총정리,100000,아이폰14  iphone14  iphone14leaks 통하  지난번 하반기 갤럭시 신제품 예상 소식들을 정리해봤다면 오늘은 아이폰입니다   10년    ,2022-06-18,iphone 14,https://www.youtube.com/watch?v=fU3G_0JqXTk,65
299,갤럭시 Z 플립4 나오자마자 리뷰함  shorts,7800,어제 10일  공개된 갤럭시 Z 플립4  뭐가 달라졌을까  제품 대여    삼성전자  삼성  갤럭시  갤럭시Z플립4 ,2022-08-12,갤럭시z플립 4,https://www.youtube.com/shorts/fp--R19m8z0,66
300,필리핀 아내가 삼성 신형 갤럭시 Z 플립4 보고 보인 반응   호들갑 실화냐      둘째 째깐이의 고열 고생기,120000,z플립4  한필커플 피나이티비 채널은 한국 필리핀 가족의 소소한 행복 브이로그 채널입니다   이메일 ympakk gmail com 필리핀    ,2022-08-16,갤럭시z플립 4,https://www.youtube.com/watch?v=jluUR3ziLBE,67
301, LG유플러스  갤럭시 Z 폴드4   Z 플립4  안에서도 밖에서도 즐거운 혜택을 펼쳐봐 ,390000, 다 나가주세요  요즘 핫한 래퍼 래원이 다 나가달라고 하는 이유는  갤럭시 Z 폴드4   Z 플립4 와 유플러스가 만나면  안에서도 밖에서    ,2022-08-17,갤럭시z플립 4,https://www.youtube.com/watch?v=JFaV5_ANFTg,68
302,삼성 폴드4   플립4 공개 폴더블폰 대중화 선언   SBS,8600, 경제 365  미국 뉴욕에서 열린 삼성 갤럭시 언팩 2022 행사에서 삼성전자의 4세대 폴더블폰  갤럭시Z폴드4와 플립4가 공개됐습니다 ,2022-08-13,갤럭시폴드4,https://www.youtube.com/watch?v=VKCBpCM5dHY,69
303, 여의도튜브   中  韓 추격 큰소리 뻥뻥  기껏 내놓은 게  벌러덩 폰   머니투데이방송,71000,삼성전자가  갤럭시Z 폴드4 를 출시하면서 폴더블폰 대전의 신호탄을 쏜 가운데  중국 스마트폰 제조업체도 줄줄이 갤럭시Z 시리즈에    ,2022-08-17,갤럭시폴드4,https://www.youtube.com/watch?v=hFCgG4YXPVo,70
304,삼성 폴드 4 달라진 점 3가지,57000,삼성전자로부터 제품만 대여받았습니다 코로롱으로 아픈몸을 이끌고 사용해보면서 느낀 3가지 큰 전작과의 차이점을 이야기 해    ,2022-08-12,갤럭시폴드4,https://www.youtube.com/watch?v=M_TTqb7Hnio,71
305,플립4 폴드4에 숨어있는 이 기능  사면 바로 설정하세요  갤럭시z플립 필수세팅 7가지 ,560,z플립4  z폴드4  필수팁 갤럭시z플립4 z폴드4에 숨어있는 값진 기능들  이거 한번 쓰면 계속 쓰게 될 걸요  사면 꼭 이것부터 설정    ,2022-08-17,갤럭시폴드4,https://www.youtube.com/watch?v=D-z2JS-eoNg,72
306, 새폰 나왔는데   날벼락  베트남  월급 반토막  삼성 감산에  화들짝 ,8100,삼성전자가 폴더블폰 신제품 출시를 앞두고 있는 상황에서 베트남 공장의 스마트폰 감산을 이어가고 있는 것으로 확인되고 있어 업계    ,2022-08-17,갤럭시폴드4,https://www.youtube.com/watch?v=APmgOhxnzoU,73
307,광고 2022년 갤럭시폴드4 케이스 추천 판매순위 TOP10 가성비 평점 후기 비교,212,광고 2022년 갤럭시폴드4 케이스 추천 판매순위 TOP10       1위   베루스 갤럭시Z폴드4 이중 범퍼 하드 반자동 힌지 보호    ,2022-08-17,갤럭시폴드4,https://www.youtube.com/watch?v=Vy3DU8Fjc_g,74
308, 폴드4로 데이터 옮기는 방법  기존 갤럭시  폴드4로 데이터 옮기기,81,갤럭시데이터옮기는방법  휴대폰데이터옮기기  전화번호옮기기  사진옮기기  어플옮기기  데이터옮기는방법  폴드4사진옮기기    ,2022-08-17,갤럭시폴드4,https://www.youtube.com/watch?v=e22Bg0lLqEs,75
309,증시전략8월16일 미국증시이틀연속상승 우리증시편하게상승 오늘부터삼성전자관심 갤럭시폴드4관련주움직이나시장흐름파악,62,010 8778 2672  갤럭시폴드4관련주움직임이순환매흐름 삼성전자반등나오나관심 오늘우리증시편하게대응 데일리증시 ,2022-08-17,갤럭시폴드4,https://www.youtube.com/watch?v=k-4SBUzfV38,76
310, IT 갤럭시 폴드 시리즈 over the horizon 모음 2019 2021 수정 Z플립4 Z폴드4  추가됨,0,갤럭시 폴드 시리즈 over the horizon 모음 2019 2021 수정 Z플립4 Z폴드4 추가됨 사진 https   www google co kr search q  EA   ,2022-08-17,갤럭시폴드4,https://www.youtube.com/watch?v=dF0LSWd-ANQ,77
311,제트플립4 Z폴드4 학생할인   갤럭시캠퍼스스토어 학생이라면 무조건 갤캠스,240, 갤럭시z플립4  z폴드4  갤캠스 ,2022-08-17,갤럭시폴드4,https://www.youtube.com/watch?v=GWIm57MGzms,78
312,갤럭시 Z 폴드 4에 모듈형 케이스가 도입됐습니다  아이디어 괜찮은데요     오목교 전자상가,24000,갤럭시 Z 플립4와 갤럭시 Z 폴드4가 정식 공개되었습니다  정식 제품을 보기 전에  욕 많이 먹던 정품 케이스부터 살펴보았습니다 ,2022-08-11,갤럭시폴드4,https://www.youtube.com/watch?v=ED3bndyph68,79
313,아이폰 갤럭시 날씨 어플만 믿고 밖에 나갔다가 비 맞으신분들 꼭 보세요    오목교 전자상가,25000,요즘처럼 날씨 앱을 많이 보는 때가 있을까요  집중호우로 집 밖을 나서기가 꺼려지는 요즘  많은 사람들은 오늘의 날씨가 어떻게 될지    ,2022-08-10,아이폰,https://www.youtube.com/watch?v=g3oeGKFurqo,79
314,갤럭시 Z폴드4   삼성이 역대 최대 판매량 예상하는 이유,150000,안녕하세요  SAU입니다  날이 이제 슬슬더워지네요  다들 즐거운 주말 보내셨나요  오늘은 갤럭시Z폴드4 출시전 삼성이 이번 폴드    ,2022-07-18,갤럭시폴드4,https://www.youtube.com/watch?v=3KEm09q1F3s,80
315,아이폰14 출시되면 무조건 Pro모델로 가야하는 3가지 이유,86000,안녕하세요  SAU입니다  오늘도 영상을 시청해주신 분들께 감사의 말씀드립니다  다음 영상에도 더 흥미로운 이야기로  더 재미있는    ,2022-06-18,아이폰14,https://www.youtube.com/watch?v=eBLMbetvn2Y,80
316,아이폰14 출시되면 무조건 Pro모델로 가야하는 3가지 이유,86000,안녕하세요  SAU입니다  오늘도 영상을 시청해주신 분들께 감사의 말씀드립니다  다음 영상에도 더 흥미로운 이야기로  더 재미있는    ,2022-06-18,iphone 14,https://www.youtube.com/watch?v=eBLMbetvn2Y,80
317,아이폰14 출시전 마지막 정리   아이폰14 디자인  디스플레이  가격 정보  컬러 정보  정리  이벤트 포함,86000,스위치 이벤트 경품 9만원 상당 스위치 1년 무제한 사용권 5명 1만원 상당 스위치 1개월 무제한 사용권 30명 스위치 이벤트 방식 구독    ,2022-08-16,아이폰,https://www.youtube.com/watch?v=J8CizRFoS9I,81
318,아이폰 14 우여곡절 너무 많다   ,51000,아이폰 14 처럼 출시전에 많은 어려움을 겪는 아이폰은 없었던 것 같습니다  아이폰 14에 들어가는 렌즈 코팅 균열이 생겨서 공급업체    ,2022-08-15,아이폰,https://www.youtube.com/watch?v=lJqMP542f3o,81
319,아이폰14 출시전 마지막 정리   아이폰14 디자인  디스플레이  가격 정보  컬러 정보  정리  이벤트 포함,86000,스위치 이벤트 경품 9만원 상당 스위치 1년 무제한 사용권 5명 1만원 상당 스위치 1개월 무제한 사용권 30명 스위치 이벤트 방식 구독    ,2022-08-16,아이폰14,https://www.youtube.com/watch?v=J8CizRFoS9I,81
320,아이폰 14 우여곡절 너무 많다   ,51000,아이폰 14 처럼 출시전에 많은 어려움을 겪는 아이폰은 없었던 것 같습니다  아이폰 14에 들어가는 렌즈 코팅 균열이 생겨서 공급업체    ,2022-08-15,아이폰14,https://www.youtube.com/watch?v=lJqMP542f3o,81
321,아이폰 14 프로에 탑재되는 새로운 기능  아이폰 14 AOD,43000,아이폰 13 시리즈 부터 소문으로 돌던 AOD 기능이 아이폰 14에서 사용할 수 있게 되었습니다  아이폰 14 AOD 기능은 최근 배포된    ,2022-08-03,아이폰14,https://www.youtube.com/watch?v=6IrwbuH9B0g,81
322,아이폰 14 총체적 난국으로 출시 지연되나 ,43000,아이폰 14 카메라 생산에 또 문제가 생겼습니다  바로 아이폰 14 카메라 렌즈의 코팅에 문제 생겨서 애플이 이에 대해서 플랜 B를 가동    ,2022-08-03,아이폰14,https://www.youtube.com/watch?v=IKAE0TLVw9Y,81
323,아이폰 14프로에 48MP카메라 탑재되는 이유,44000,아이폰 14 프로모델에 48MP의 카메라가 탑재된다고 알려져있는데요  시장에서는 이미 게임쳐가 될 것이라는 분위기 입니다 ,2022-07-27,아이폰14,https://www.youtube.com/watch?v=cCiMvSGrryo,81
324,아이폰14 출시전 마지막 정리   아이폰14 디자인  디스플레이  가격 정보  컬러 정보  정리  이벤트 포함,86000,스위치 이벤트 경품 9만원 상당 스위치 1년 무제한 사용권 5명 1만원 상당 스위치 1개월 무제한 사용권 30명 스위치 이벤트 방식 구독    ,2022-08-16,iphone 14,https://www.youtube.com/watch?v=J8CizRFoS9I,81
325,아이폰 14 우여곡절 너무 많다   ,51000,아이폰 14 처럼 출시전에 많은 어려움을 겪는 아이폰은 없었던 것 같습니다  아이폰 14에 들어가는 렌즈 코팅 균열이 생겨서 공급업체    ,2022-08-15,iphone 14,https://www.youtube.com/watch?v=lJqMP542f3o,81
326,아이폰 14 프로에 탑재되는 새로운 기능  아이폰 14 AOD,43000,아이폰 13 시리즈 부터 소문으로 돌던 AOD 기능이 아이폰 14에서 사용할 수 있게 되었습니다  아이폰 14 AOD 기능은 최근 배포된    ,2022-08-03,iphone 14,https://www.youtube.com/watch?v=6IrwbuH9B0g,81
327,아이폰14 출시전 마지막 정리   아이폰14 디자인  디스플레이  가격 정보  컬러 정보  정리  이벤트 포함,86000,이번 아이폰 14 시리즈에서는 앞서 채널에서 설문조사와 애플의 프로 사랑 전략으로 미루어 보아 아이폰 14 프로 모델이 가장 높은    ,2022-08-16,iphone 14 pro,https://www.youtube.com/watch?v=J8CizRFoS9I,81
328,아이폰 14 프로에 탑재되는 새로운 기능  아이폰 14 AOD,43000,아이폰 13 시리즈 부터 소문으로 돌던 AOD 기능이 아이폰 14에서 사용할 수 있게 되었습니다  아이폰 14 AOD 기능은 최근 배포된    ,2022-08-03,iphone 14 pro,https://www.youtube.com/watch?v=6IrwbuH9B0g,81
329,아이폰14 구매하면 사고싶은 아이템 1위,3600,shorts  아이폰14  아이폰14프로  아이폰13프로  아이폰13  adoba MCN   D_studio팀 크리에이터  TikTok    ,2022-08-17,아이폰,https://www.youtube.com/shorts/cO8nwZvW6Rc,82
330,아이폰14 애플이 애플했다  ,21000,오늘은 아이폰 14 관련 소식입니다  항상 쉽고 빠르게 IT소식 전해드리려고 노력중입니다  부족한점 있다면 언제든지 댓글 남겨주세요 ,2022-08-17,아이폰,https://www.youtube.com/watch?v=le97AId78fI,83
331,아이폰14 애플이 애플했다  ,21000,오늘은 아이폰 14 관련 소식입니다  항상 쉽고 빠르게 IT소식 전해드리려고 노력중입니다  부족한점 있다면 언제든지 댓글 남겨주세요 ,2022-08-17,아이폰14,https://www.youtube.com/watch?v=le97AId78fI,83
332,아이폰 14 사야하는 이유 5가지,76000,저는 가을에 사야겠어요   기다리던 짝수 아이폰    심플 IT 석진 Blog   https   blog naver com pond7333 Instagram    ,2022-06-18,아이폰14,https://www.youtube.com/watch?v=DKWY9DZLBdo,83
333,아이폰14 손꼽아 기다리던 가격 소식,28000,오늘은 아이폰 14 관련 소식입니다  항상 쉽고 빠르게 IT소식 전해드리려고 노력중입니다  부족한점 있다면 언제든지 댓글 남겨주세요 ,2022-08-06,아이폰14,https://www.youtube.com/watch?v=Jt5MrqXMx_Q,83
334,아이폰 14 안타까운 소식,60000,오늘은 아이폰 14 관련 소식입니다  항상 쉽고 빠르게 IT소식 전해드리려고 노력중입니다  부족한점 있다면 언제든지 댓글 남겨주세요 ,2022-08-12,아이폰14,https://www.youtube.com/watch?v=t4UEDm5tfuI,83
335,아이폰 14 대규모 디스플레이 업그레이드 준비,15000,오늘은 아이폰 14 관련 소식입니다  항상 쉽고 빠르게 IT소식 전해드리려고 노력중입니다  부족한점 있다면 언제든지 댓글 남겨주세요 ,2022-08-04,아이폰14,https://www.youtube.com/watch?v=nvd_pnwLGiI,83
336,아이폰14는 프로를 사야하는 이유 4가지,13000,주관적인 의견입니다   댓글에 자유롭게 의견 나눠주세요 ㅎㅎ   심플 IT 석진 Blog   https   blog naver com pond7333 Instagram    ,2022-07-18,아이폰14,https://www.youtube.com/watch?v=f9XHkq5PnlU,83
337,아이폰14 애플이 애플했다  ,21000,오늘은 아이폰 14 관련 소식입니다  항상 쉽고 빠르게 IT소식 전해드리려고 노력중입니다  부족한점 있다면 언제든지 댓글 남겨주세요 ,2022-08-17,iphone 14,https://www.youtube.com/watch?v=le97AId78fI,83
338,아이폰 14 듣던 중 반가운 소식,53000,오늘은 아이폰 14 관련 소식입니다  항상 쉽고 빠르게 IT소식 전해드리려고 노력중입니다  부족한점 있다면 언제든지 댓글 남겨주세요 ,2022-08-13,iphone 14,https://www.youtube.com/watch?v=ObEWFcL1C2U,83
339,아이폰 14 사야하는 이유 5가지,76000,저는 가을에 사야겠어요   기다리던 짝수 아이폰    심플 IT 석진 Blog   https   blog naver com pond7333 Instagram    ,2022-06-18,iphone 14,https://www.youtube.com/watch?v=DKWY9DZLBdo,83
340,아이폰14 애플이 애플했다  ,21000,오늘은 아이폰 14 관련 소식입니다  항상 쉽고 빠르게 IT소식 전해드리려고 노력중입니다  부족한점 있다면 언제든지 댓글 남겨주세요 ,2022-08-17,iphone 14 pro,https://www.youtube.com/watch?v=le97AId78fI,83
341,아이폰 14 출시로 아이폰 13이 저렴해져도 사면 안되는 이유 5가지 6개월 실사용 후기 ,57000,안녕하세요   주향입니다  오늘은 대망의 아이폰 13  곧 있으면 14 시리즈가 나온다는데 12에서 13으로 갈아탈까   고민하시는 분들을    ,2022-08-03,아이폰,https://www.youtube.com/watch?v=umTWilCCSkU,84
342,아이폰 14 출시로 아이폰 13이 저렴해져도 사면 안되는 이유 5가지 6개월 실사용 후기 ,57000,안녕하세요   주향입니다  오늘은 대망의 아이폰 13  곧 있으면 14 시리즈가 나온다는데 12에서 13으로 갈아탈까   고민하시는 분들을    ,2022-08-03,아이폰14,https://www.youtube.com/watch?v=umTWilCCSkU,84
343,아이폰 14 출시로 아이폰 13이 저렴해져도 사면 안되는 이유 5가지 6개월 실사용 후기 ,57000,안녕하세요   주향입니다  오늘은 대망의 아이폰 13  곧 있으면 14 시리즈가 나온다는데 12에서 13으로 갈아탈까   고민하시는 분들을    ,2022-08-03,iphone 14 pro,https://www.youtube.com/watch?v=umTWilCCSkU,84
344,다운이 몰래 아이폰 사주고 반응보기ㅋㅋㅋ 흔한일상 ,930000,진짜 이런 남자친구 없다 진짜                                                                               음악출처 Kevin MacLeod의 Fluffing a Duck    ,2021-08-17,아이폰,https://www.youtube.com/watch?v=5phAGUkAahw,85
345,다운이 몰래 아이폰 사주고 반응보기ㅋㅋㅋ 흔한일상 ,930000,진짜 이런 남자친구 없다 진짜                                                                               음악출처 Kevin MacLeod의 Fluffing a Duck    ,2021-08-17,아이폰,https://www.youtube.com/watch?v=5phAGUkAahw,85
346,요즘 애들은 모르는 옛날 핸드폰 수준ㅋㅋㅋ,350000,추억팔이  스마트폰  핸드폰 생방송은 화 토 제외 저녁8시 수요일 9시 30분 에 시작합니다    트위치   https   www twitch tv chy0715    ,2021-08-17,아이폰,https://www.youtube.com/watch?v=BkzsC_sm1j8,86
347,치과 가면 무조건 겪는 공감 상황ㅋㅋㅋ,330000,치과  공감  특징 생방송은 화 토 제외 늦은 밤 10 12시 랜덤 에 시작합니다  트위치 알림 설정 하면 빠르게 볼 수 있다구  광고 및    ,2022-03-20,아이폰,https://www.youtube.com/watch?v=cNAV88Vw4ew,86
348,아이폰  갤럭시 쓰는 사람 각각 특징ㅋㅋㅋ,910000,애플  z플립3  아이폰13 생방송은 화 토 제외 9시   1시간 에 시작합니다  광고 및 협찬 문의   yygkdud naver com   트위치    ,2021-09-21,아이폰,https://www.youtube.com/watch?v=wgl8oRNjHDw,86
349,1초만에 상대방이 아이폰인지 갤럭신지 확인 하는 방법  Shorts,1100000,리뷰띠  스마트폰  마술  꿀팁   오늘은 1초 만에 상대 스마트폰 기종을 맞히는 방법을 알려줄까 한다      아이폰과 안드로이드에서    ,2022-08-14,아이폰,https://www.youtube.com/shorts/_JRsUyK3TOg,87
350,마이린 드디어 아이폰을 씁니다     가로수길 애플 스토어 가서 아이폰 12 프로 샀어요  아이폰 12 PRO 개봉기   마이린 TV,800000,마이린도 이제 아이폰을 씁니다    신사동 가로수길 애플 스토어 가서 아이폰 12 프로 샀어요    와  마이린의 신나는 아이폰 12 개봉기    ,2021-08-17,아이폰,https://www.youtube.com/watch?v=H_Da4D_PwTA,88
351,최신 아이폰 12 사달라고 조르는 방법  아이폰 갖고 싶다 ㅠㅠ  feat  노래하는하람  뚜아뚜지   마이린 TV,310000,갑자기 언젠가부터 아이폰에 푹 빠진 마이린 주위 친구들은 하나둘 최신 아이폰을 구입하자 마이린도 친구들에게 조언을 들어 엄마    ,2021-08-17,아이폰,https://www.youtube.com/watch?v=utYDiESWx6Y,88
352,iOS16 정식이 다가온다  아이폰 숨은 신기능과 변화점 10가지,110000,차세대 아이폰14 등장과 새로운 iOS16의 공개가 이제 다음달로 다가왔습니다  신 모델을 구입하지 않는 분들도 새로운 iOS의 기능    ,2022-08-10,아이폰,https://www.youtube.com/watch?v=diLeUBI8zMA,89
353,아이폰14 나오는데  아이폰13 프로 지금 사도 괜찮을까  대학생의 아이폰 9개월 사용 후기,72000,아이폰13 라인업의 한국 발매가 2021년 10월 8일에 있었습니다  그로부터 벌써 9개월의 시간이 흘렀네요  현재 시점에서 아이폰을    ,2022-07-18,아이폰,https://www.youtube.com/watch?v=kpvvLd11MY0,89
354,아이폰14 나오는데  아이폰13 프로 지금 사도 괜찮을까  대학생의 아이폰 9개월 사용 후기,72000,아이폰13 라인업의 한국 발매가 2021년 10월 8일에 있었습니다  그로부터 벌써 9개월의 시간이 흘렀네요  현재 시점에서 아이폰을    ,2022-07-18,아이폰14,https://www.youtube.com/watch?v=kpvvLd11MY0,89
355,아이폰14 나오는데  아이폰13 프로 지금 사도 괜찮을까  대학생의 아이폰 9개월 사용 후기,72000,아이폰13 라인업의 한국 발매가 2021년 10월 8일에 있었습니다  그로부터 벌써 9개월의 시간이 흘렀네요  현재 시점에서 아이폰을    ,2022-07-18,iphone 14 pro,https://www.youtube.com/watch?v=kpvvLd11MY0,89
356,아이폰으로만 찍은 완벽 색감 스위스                        제가 많이 사랑해요 스위스   ,24,Musik 1  Need U   Tobu Music by Tobu http   www youtube com tobuofficial Music Playlist by http   reurl kr 19C2BF81SQ 2 ,2022-08-17,아이폰,https://www.youtube.com/watch?v=ZcoToG99Ac8,90
357,드디어 나도 폰 바꿨다   아이폰 13프로 1테라   사는 브이로그   가로수길  애플스토어,270000,아이폰13  아이폰13pro  가로수길애플스토어  아이폰실버 안녕하세요 채윤이에요 채소분들  제가 드디어 폰을 바꿨습니다 ㅎㅎ 폰    ,2022-02-18,아이폰,https://www.youtube.com/watch?v=-HPHb5-pqKk,91
358,iPhone 14 vs iPhone 14 Pro  All The Differences We Know ,31000,This is a different type of year for the iPhone 14 and iPhone 14 Pro  We re breaking down all of the differences we ve heard from    ,2022-08-17,아이폰,https://www.youtube.com/watch?v=NO59hczfm-g,92
359,iPhone 14 vs iPhone 14 Pro  All The Differences We Know ,31000,This is a different type of year for the iPhone 14 and iPhone 14 Pro  We re breaking down all of the differences we ve heard from    ,2022-08-17,iphone 14,https://www.youtube.com/watch?v=NO59hczfm-g,92
360,The Latest iPhone 14 iPhone 14 Pro Details You Should Know ,130000,Apple s Always On Display has been revealed  It s the latest iPhone 14 14 Pro rumors you should know  Plus  the 10th gen iPad is    ,2022-08-10,iphone 14,https://www.youtube.com/watch?v=PTe-8dX3NtY,92
361,iPhone 14 vs iPhone 14 Pro  All The Differences We Know ,31000,This is a different type of year for the iPhone 14 and iPhone 14 Pro  We re breaking down all of the differences we ve heard from    ,2022-08-17,iphone 14 pro,https://www.youtube.com/watch?v=NO59hczfm-g,92
362,아이폰 시리 친일파 논란   ㄷㄷ,10000,shorts 아이폰 시리 친일파 논란   ㄷㄷ ,2022-08-17,아이폰,https://www.youtube.com/shorts/2rfcpeLVYO0,93
363,아이폰 14   아이폰 14 프로   여기서 더 올라 ,256,  주요 내용   1  아이폰 14부터는 가격이 또 한번 인상될 것으로 보인다 2  유명 애널리스트 궈밍지씨는 이번 아이폰 가격에 대해 다음과    ,2022-08-17,아이폰,https://www.youtube.com/shorts/B0efnjbaOqQ,94
364,아이폰 14   아이폰 14 프로   여기서 더 올라 ,256,  주요 내용   1  아이폰 14부터는 가격이 또 한번 인상될 것으로 보인다 2  유명 애널리스트 궈밍지씨는 이번 아이폰 가격에 대해 다음과    ,2022-08-17,아이폰14,https://www.youtube.com/shorts/B0efnjbaOqQ,94
365, 단  3초  아이폰에서 인스타그램 다크모드 설정하는 방법   인스타 다크모드 아이폰   초보자를 위한 인스타 사용 가이드,12,초튜터 구독하기   https   www youtube com channel UCyqzTNhNkon8kjFxYqVo48w ,2022-08-17,아이폰,https://www.youtube.com/watch?v=07DGsMn6HJg,95
366,iPhone 14 Pro Max launch date   iPhone 14 Pro Max design  Specifications   Power full  shorts Part 3,371,iPhone 14 Pro Max launch date   iPhone 14 Pro Max design  Specifications   Power full  shorts  youtubeshorts Part 3 Social Links    ,2022-08-17,아이폰,https://www.youtube.com/watch?v=gw2mknxfQsA,96
367,아이폰에서 친구 즐겨찾기 하는 방법  shorts,1000,아이폰 전화번호 즐겨찾기 하는 방법     궁금하신 사항은 댓글로 문의 주시면 답변 드릴께요      CLOVA Dubbing으로 제작한 AI    ,2022-08-17,아이폰,https://www.youtube.com/shorts/1MYlvPoMyRk,97
368,iOS 16 Beta Showcase   Update RIGHT NOW Released    shorts  ios  iphone,602,i use iphone 12  on ios16 DB 6  use splice for shorts  and videoleap for videos ignore tags  ios 16 release date ios 16 ios 16 beta    ,2022-08-17,아이폰,https://www.youtube.com/shorts/8Rd08mU4o4I,98
369,사랑이도 구하기 힘든 아이폰12 미니 퍼플이 생겼어요  핸드폰이 고장 나서 어쩔수 없이 구입을 했는데 미니 퍼플 구하기가 정말 힘드네요  사랑아놀자 LOVE TORY ,290000,사랑이가 쓰고 있던 핸드폰이 고장이 나서 새로운 아이폰 12 미니 퍼플을 아빠가 사줬어요  근데 퍼즐 색을 구하기 너무 힘들었어요    ,2021-08-17,아이폰,https://www.youtube.com/watch?v=pq6ltIM5vlE,99
370,아이폰12 부심부리는 친구 핸드폰 얼려버리깈ㅋㅋㅋㅋㅋㅋㅋㅋ,2730000,아이폰12 핸드폰 복수 대머리독수리박민규 이야이야호  광고 협찬 문의 mingyu3 naver com 인스타그램 장명준 mang_jun_    ,2021-08-17,아이폰,https://www.youtube.com/watch?v=vgr4f65jtCM,100
371,솔직히 아이폰 로고 때문에 사는 거잖아,2950000,아님 말고요  이 클립의 원본 https   youtu be 8oNx33MVK_o  아이폰  침착맨 ,2022-07-18,아이폰,https://www.youtube.com/shorts/L9a1SwrTlzA,101
372,GOS 당하고 아이폰으로 처음 넘어갔다가 당황하는 것들  ,110000,여전히 GOS 사태는 뜨거운 감자 입니다  이미 갤럭시만 써오던 유저들은 아이폰을 검색하기 시작했습니다   그렇다면 이 영상을    ,2022-04-19,아이폰,https://www.youtube.com/watch?v=QpM38czbXX8,102
373,아이폰 사진 정리하기   iPhone의 사진을 자동 분류해서 정리하는 방법   자동화 단축어 활용,714,  time stamp 00 00 00 공지   인트로 00 53 16 사진 분류 앨범 만들기 01 50 24 기존 사진 정리하기 04 19 29 사진 분류 단축어 가져    ,2022-08-14,아이폰,https://www.youtube.com/watch?v=V8XeTXcbOnw,103
374,갤럭시  아이폰 유저들이 서로 핸드폰 바꿔 써 보기 ㅋㅋㅋㅋㅋ,2830000, 레이디액션 s PROFILE  임선양   26 임슬기   26 오늘도 레이디액션의 영상을 재밌게 봐 주셔서 감사합니다     광고 및 협찬 문의용    ,2020-08-17,아이폰,https://www.youtube.com/watch?v=0pc2ld0Vynw,104
375, Shorts 아이폰 대 갤럭시  이 정도로 차이 난다고 ,1550000,Shorts  아이폰  갤럭시  고등학교  고등학생  고딩  학교  삼성  애플  추천  뉴스 ,2022-04-19,아이폰,https://www.youtube.com/shorts/oNN9kgXByGU,105
376,생일선물이 고작 이거라고    아이폰 선물 준비해놓고  생일선물 몰래카메라 하기    초등학생 생일선물  유니의 12살 생일날   헬로음이유니,100000, 생일브이로그  학생생일선물  생일선물몰카  구독   좋아요   예쁜댓글   공유는 큰 힘이 됩니다  악플은 속상해요ㅠㅠ  헬로    ,2022-07-18,아이폰,https://www.youtube.com/watch?v=rXrO6gbKAuY,106
377,Z플립4 vs 아이폰14 당신의 다음 스마트폰은  시민들에게 물었습니다    궁금증 꼬집기 19화,19000,요즘 10대들은 갤럭시  로 갈아탄다고  신도시 40대들은 아이폰  으로  내 다음 휴대폰은 갤럭시일까 아이폰일까  단체 사진 찍을    ,2022-08-11,아이폰14,https://www.youtube.com/watch?v=1Vn9BKoCl50,107
378,아이폰14 가장 싸게사는법  성지vs자급제 사전예약 ,8600,아이폰14 사전예약을 싸게하는법에 대해 많이들 궁금하실거라고 생각합니다  휴대폰은 항상 최대한 싸게 사고 싶은 마음이 있거든요 ,2022-08-04,아이폰14,https://www.youtube.com/watch?v=_WzZMo5VQzA,108
379,아이폰 14 사전예약 무조건 자급제로 해야되는 이유 TOP3,8800,아이폰 14 사전예약은 무조건 자급제로 하시는 것을 추천드립니다  여러가지 이유가 있겠지만  가장 중요한 3가지를 준비해봤습니다 ,2022-07-27,아이폰14,https://www.youtube.com/watch?v=HK5VeMBWm_g,108
380,iPhone 14   10 NEW Leaks Confirm the Biggest Changes ,160000,iPhone 14   Latest Leaks   Rumors  NEW Shorts Channel   https   bit ly ZoTShorts TikTok   https   bit ly ZoTTikTok    ,2022-08-16,아이폰14,https://www.youtube.com/watch?v=x4oz3pt2trY,109
381,iPhone 14   10 NEW Leaks Confirm the Biggest Changes ,160000,iPhone 14   Latest Leaks   Rumors  NEW Shorts Channel   https   bit ly ZoTShorts TikTok   https   bit ly ZoTTikTok    ,2022-08-16,iphone 14,https://www.youtube.com/watch?v=x4oz3pt2trY,109
382,The iPhone 14 has a PROBLEM ,260000,iPhone 14   Latest Leaks   Rumors and why you should avoid the non Pro models  NEW Shorts Channel    ,2022-08-04,iphone 14,https://www.youtube.com/watch?v=MYOUiwuAiAQ,109
383,iPhone 14   10 NEW Leaks Confirm the Biggest Changes ,160000,iPhone 14   Latest Leaks   Rumors  NEW Shorts Channel   https   bit ly ZoTShorts TikTok   https   bit ly ZoTTikTok    ,2022-08-16,iphone 14 pro,https://www.youtube.com/watch?v=x4oz3pt2trY,109
384,대체제가 없는 아이폰14 프로맥스,38000,아이폰14  아이폰14프로맥스  iphone14promax 대체제가 없는 아이폰14 프로맥스 ,2022-08-03,아이폰14,https://www.youtube.com/watch?v=HA05IDeaMzw,110
385,대체제가 없는 아이폰14 프로맥스,38000,아이폰14  아이폰14프로맥스  iphone14promax 대체제가 없는 아이폰14 프로맥스 ,2022-08-03,아이폰14,https://www.youtube.com/watch?v=HA05IDeaMzw,110
386,아이폰14 보호필름 벌써 나왔네요   13프로에 붙여봤습니다  ,13000,아이폰14  iphone14 아이폰14 보호필름 벌써 나왔네요   13프로에 붙여봤습니다  ,2022-07-18,아이폰14,https://www.youtube.com/watch?v=hRqKtOE8fnA,110
387,대체제가 없는 아이폰14 프로맥스,38000,아이폰14  아이폰14프로맥스  iphone14promax 대체제가 없는 아이폰14 프로맥스 ,2022-08-03,iphone 14,https://www.youtube.com/watch?v=HA05IDeaMzw,110
388,대체제가 없는 아이폰14 프로맥스,38000,아이폰14  아이폰14프로맥스  iphone14promax 대체제가 없는 아이폰14 프로맥스 ,2022-08-03,iphone 14 pro,https://www.youtube.com/watch?v=HA05IDeaMzw,110
389,아이폰14 출시 색상 전망  그리고 AOD  가격  충전속도 관련 소식까지  ,5100,안녕하세요  두잇의 유디입니다  오늘은 애플인사이드 아이폰14에 대한 새로운 소식입니다  트위터에서 활동하고 있는 팁스터    ,2022-08-05,아이폰14,https://www.youtube.com/watch?v=JT3i6cGfgP0,111
390,아이폰14 출시 정보 총정리   디자인  디스플레이  카메라  AP 등 ,13000,안녕하세요  두잇의 유디입니다  이제 차세대 아이폰의 공개가 어느 덧 5개월 좀 넘게 남았는데요  오늘은 새로운 아이폰14 시리즈의    ,2022-04-19,아이폰14,https://www.youtube.com/watch?v=uz9ZWHsLouQ,111
391,드디어 하나씩 나오는 아이폰14프로 목업 유출 ,24000,출시가 얼마 남지 않은만큼 슬슬 이런것들이 나오기 시작합니다  이제 곧 다른 이미지들도 속속 들어날텐데요 벌써부터 케이스가    ,2022-08-09,아이폰14,https://www.youtube.com/watch?v=T4Vwvrfejw0,112
392,잘 모르고 넘어갔던 아이폰14의 새로운 기능,11000,아이왜 ios 베타 잘못올리신분들 있잖아요 그럼 이 프로그램 한번 사용해보세요  사실 이런 부분을 더 강조해서 광고 할 수도 있다는    ,2022-08-11,아이폰14,https://www.youtube.com/watch?v=FxAWThLuidU,112
393,아이폰14 그동안 소문난 모든것 ,21000,오늘은 그동안 나왔던 아이폰14루머를 한대 모아봤습니다  사실 이정도면 대부분의 모든 하드웨어 정보는 윤곽이 잡혔다고 볼 수 있겠    ,2022-06-18,아이폰14,https://www.youtube.com/watch?v=N3jub-VO0p0,112
394,잘 모르고 넘어갔던 아이폰14의 새로운 기능,11000,아이왜 ios 베타 잘못올리신분들 있잖아요 그럼 이 프로그램 한번 사용해보세요  사실 이런 부분을 더 강조해서 광고 할 수도 있다는    ,2022-08-11,iphone 14,https://www.youtube.com/watch?v=FxAWThLuidU,112
395,드디어 하나씩 나오는 아이폰14프로 목업 유출 ,24000,출시가 얼마 남지 않은만큼 슬슬 이런것들이 나오기 시작합니다  이제 곧 다른 이미지들도 속속 들어날텐데요 벌써부터 케이스가    ,2022-08-09,iphone 14 pro,https://www.youtube.com/watch?v=T4Vwvrfejw0,112
396,아이폰14 프로 미드나이트,11000,아이폰14 아이폰14프로 ,2022-08-09,아이폰14,https://www.youtube.com/watch?v=U5ivrnopWHw,113
397,iPhone 14 반가운 소식 3가지,13000,아이폰14 iphone14 아이폰14프로 아이폰14색상 아이폰14출시일 아이폰14사전예약 아이폰13 프로 시에라 블루 구독자 이벤트    ,2022-08-05,아이폰14,https://www.youtube.com/watch?v=L5Q5ahLykeI,113
398,아이폰 14 루머 정리 앱등이들 모여라,4100,유튜브 구독하기  좋아요  부탁드려요 ,2022-08-10,아이폰14,https://www.youtube.com/watch?v=4Ekwm0S-Gpw,114
399,신색상의 아이폰14 가격 유지  아이폰13보다 살만 할까,3400,2022년 하반기 출시를 앞둔 아이폰14는 예상 출시일부터 가격  외관 디자인등 다양한 정보가 유출소식을 통해서 확인되고 있습니다    ,2022-08-05,아이폰14,https://www.youtube.com/watch?v=i4tNj6iN87Y,115
400,출시 앞둔 아이폰14 가격 및 공급문제 소식,4400,2022년 하반기 출시를 앞둔 아이폰14는 예상 출시일부터 가격  외관 디자인등 다양한 정보가 유출소식을 통해서 알려진 상황입니다    ,2022-07-27,아이폰14,https://www.youtube.com/watch?v=VYmiw1HWs4U,115
401, 재택플러스   아이폰14 에  구형 칩  애플의 실수   2022 07 06 뉴스투데이 MBC ,380000,스마트폰의  두뇌  역할을 하는 것이 바로 프로세서 칩인데요  애플이 올가을 공개할 신형 스마트폰에 구형 칩을 사용할 것으로 전해    ,2022-07-18,아이폰14,https://www.youtube.com/watch?v=RzkGzftaz8M,116
402,아이폰13PRO 3개월 실사용 후기  너무 좋은 핸드폰이지만 다시 갤럭시로 돌아가려는 이유 8가지,42000,안녕하세요  전자기기 유튜버 힉튜브입니다  아이폰13PRO를 직구로 구매해서 너무 잘쓰고 있었지만 전 다시 돌아가야 할 것 같습니다    ,2022-01-19,아이폰14,https://www.youtube.com/watch?v=ImgY_ejTH9Y,117
403,아이폰 14   기대되는 주요 특징 루머 정리 ,10000,곧 다가올 아이폰 14 출시와 관련된 루머를 정리한 영상입니다  루머이며 실제 출시 정보와 다를 수 있습니다  재미로만 봐주세요      ,2022-08-11,아이폰14,https://www.youtube.com/watch?v=bESRb5j7bN0,118
404,아이폰14 시리즈 급나누기와 새로운 애플워치8 디자인 및 아이맥프로 출시 취소사유에 대한 유출정보,3600,안녕하세요 우크테크의 우크입니다  오늘은 아이폰14 시리즈 급나누기와 새로운 애플워치8 디자인 및 아이맥프로 출시 취소사유에    ,2022-08-03,아이폰14,https://www.youtube.com/watch?v=-UnhBgwKoAo,119
405,아이폰 14 기본모델은 빠르고  Pro는 더 빨라집니다     아이폰 14 Pro만이 누릴 수 있는 A16에 대해서 정리해봅니다 ,22000,한주간의 애플 중심의 핵심 뉴스  소식들만 빠르게 요약해서 전해드리는 MeetSean의 주간애플소식입니다  아이폰 14 출시를 코 앞에    ,2022-08-03,아이폰14,https://www.youtube.com/watch?v=ivGzyKxTE0k,120
406,아이폰 14 기본모델은 빠르고  Pro는 더 빨라집니다     아이폰 14 Pro만이 누릴 수 있는 A16에 대해서 정리해봅니다 ,22000,한주간의 애플 중심의 핵심 뉴스  소식들만 빠르게 요약해서 전해드리는 MeetSean의 주간애플소식입니다  아이폰 14 출시를 코 앞에    ,2022-08-03,iphone 14 pro,https://www.youtube.com/watch?v=ivGzyKxTE0k,120
407,아이폰 14 사전예약 총정리  출시일  스펙  꿀팁 ,9900,주관적인 관점으로 다양한 순위를 매기는  이거사 입니다  오늘은 아이폰 14 사전예약 총정리를 준비해봤습니다  출시일과 스펙  사전    ,2022-07-18,아이폰14,https://www.youtube.com/watch?v=h5WQlUfsAq8,121
408,太誇張 iPhone 14 五個最新爆料 上市日期,17000,太誇張 iPhone 14 五個最新爆料上市日期 iphone14  iphone14pro  appleevent 購買防摔殼始祖 犀牛盾 https   bit ly 3dJAjkT    ,2022-08-17,iphone 14,https://www.youtube.com/watch?v=t8K4AMkrlQw,122
409,太誇張 iPhone 14 五個最新爆料 上市日期,17000,太誇張 iPhone 14 五個最新爆料上市日期 iphone14  iphone14pro  appleevent 購買防摔殼始祖 犀牛盾 https   bit ly 3dJAjkT    ,2022-08-17,iphone 14 pro,https://www.youtube.com/watch?v=t8K4AMkrlQw,122
410,iPhone 14 Pro Max Release Date and Price   256GB Storage Base Model ,200000,A NEW Report has come in Claiming that we could be getting an iPhone 14 Pro Max 256GB Storage Base Model for the FIRST    ,2022-08-15,iphone 14,https://www.youtube.com/watch?v=OWAsEDaD0qw,123
411,iPhone 14 Release Date and Price   GREAT PRICE NEWS ,190000,If you are looking to BUY a NEW iPhone 14 to iPhone 14 Pro Max  then there is some GREAT PRICE NEWS for some of the    ,2022-08-13,iphone 14,https://www.youtube.com/watch?v=0UJMsk-XaXc,123
412,iPhone 14 Pro Max Release Date and Price   MORE Always on Display LEAKS ,190000,MORE Always on Display LEAKS have come from Apple AGAIN for the iPhone 14 Pro Max and the iPhone 14 Pro  The Report    ,2022-08-07,iphone 14,https://www.youtube.com/watch?v=Tt3OOR-6TVA,123
413,iPhone 14 Pro Max Release Date and Price   256GB Storage Base Model ,200000,A NEW Report has come in Claiming that we could be getting an iPhone 14 Pro Max 256GB Storage Base Model for the FIRST    ,2022-08-15,iphone 14 pro,https://www.youtube.com/watch?v=OWAsEDaD0qw,123
414,库克 准备收割 除了主角 iPhone 14 系列外 苹果秋季发布会上 Apple Watch8 新iPad Pro iPad10 Airpods pro等一众配角 有看头吗 JeffreyTech ,42000,几周后苹果将会举办备受期待的秋季新品发布会 在这场发布会上 大家不仅能见到我们的老朋友库克 还能第一时间见证    ,2022-08-15,iphone 14,https://www.youtube.com/watch?v=br4ivC3NiuI,124
415,iPhone 14 Pro Max First Look,4980000,iPhone 14 is right around the corner  Here s a first look at the design of the new iPhone 14 Pro Max  Sponsored by Kioxia ,2022-05-19,iphone 14,https://www.youtube.com/watch?v=P3Q5XYacz5E,125
416,iPhone 14 ENTIRE Lineup Early Look,1320000,iPhone 14  iPhone 14 Pro  iPhone 14 Max or iPhone 14 Pro Max   Which do you choose  Learn more about Anker 757    ,2022-07-18,iphone 14,https://www.youtube.com/watch?v=YMn3l72MD8U,125
417,iPhone 14 Pro Max First Look,4980000,iPhone 14 is right around the corner  Here s a first look at the design of the new iPhone 14 Pro Max  Sponsored by Kioxia ,2022-05-19,iphone 14 pro,https://www.youtube.com/watch?v=P3Q5XYacz5E,125
418,iPhone 14 Features   the PERFECT iPhone ,2100,Business Inquiries  simplypopsbusiness gmail com Beats  https   share epidemicsound com simplypopsMAY22 These links    ,2022-08-17,iphone 14,https://www.youtube.com/watch?v=q1E9SXxsHNw,126
419,iPhone 14 Series Exclusive Hands on  ,50000,  Business   Brand Email   business lakshaychopra in Follow me on     Instagram    ,2022-08-15,iphone 14,https://www.youtube.com/watch?v=5IHCsQ9e9cE,127
420,Apple iPhone 14 Event    New Big Leaks are here  ,56000,This Video is related to upcoming iPhone 14 event which is going to be held on 6 7 September 2022 My Recommendations   Best    ,2022-08-15,iphone 14,https://www.youtube.com/watch?v=LaQaUjyJbMg,127
421,iOS 16 Beta 6 is Out   What s New ,85000,We also cover when to expect iOS iOS 16 Beta 7 and iOS 16 Public Beta 5 and the iPhone 14 Pro Apple Event and Public    ,2022-08-17,iphone 14,https://www.youtube.com/watch?v=PGdtSp8lEf8,128
422,iOS 16 Public Beta 3   25  More Features and Changes ,100000,And also the iPhone 14 Event Date  iOS 16 App Compatibility   https   bit ly 3bDe0yI iOS 16 Website    ,2022-08-14,iphone 14,https://www.youtube.com/watch?v=J2dN_eeSIMY,128
423,Apple iPhone 14 Pro Problems With New Camera System,182,For Business Queries  decenttores gmail com mridwanur04 gmail com ,2022-08-17,iphone 14,https://www.youtube.com/watch?v=2O1krGpiR9k,129
424,Skip iPhone 14    Beli iPhone 12 Pro Max Pun Dah Cukup Pada Tahun 2022   ,4300,Padu juga iPhone 12 Pro Max kalau guna sekarang  Boleh cekidout dekat CompAsia dengan harga yang berpatutan  after sale    ,2022-08-17,iphone 14,https://www.youtube.com/watch?v=0NP7oegNkUY,130
425,iPhone 14 SPECS LEAKS  Release Date   Price ,216,The complete summary of what to expect and be prepared for when the next generation of iPhones comes out ,2022-08-17,iphone 14,https://www.youtube.com/watch?v=GW5NPoIncSM,131
426,iPhone 14 Pro Max Vs iPhone 13 Pro Max,168,Comparison of iPhone 14 Pro Max Vs iPhone 13 Pro Max iphone 13 pro max or iphone 14 pro max which one would suit you ,2022-08-17,iphone 14,https://www.youtube.com/watch?v=Sji9bKvL6wc,132
427,iPhone 14 Hands on Exposed Everything,257,iPhone 14 Hands on Revealed Everything About The Upcoming Apple iphones  The iPhone 14 Series Is Just Around The Corner    ,2022-08-17,iphone 14,https://www.youtube.com/watch?v=4NhqbYcUyow,133
428,Tin nóng  THÔNG TIN ĐẦU TIÊN về Redmi K60 series  iPhone 14 trước nguy cơ thất bại,2200,Realme GT Neo 3  Dimensity 8100  7 450 000   https   mobilecity vn dien thoai realme gt neo 3 html Nội dung  0 00 Intro 0 18 Kẻ    ,2022-08-17,iphone 14,https://www.youtube.com/watch?v=Qt-aTqf52IU,134
429,iPhone 14 Pro Max   Here It Is ,260000,The iPhone 14 Pro Max has appeared in another reveal   it really is Apple s best iPhone yet   iphone14promax  14promax    ,2022-08-11,iphone 14,https://www.youtube.com/watch?v=jWPgRBr4pYM,135
430,Apple iPhone 14   This Is Epic ,50000,The Apple iPhone 14 is coming with an epic new feature that everyone is going to love   iphone14  appleiphone14    ,2022-08-05,iphone 14,https://www.youtube.com/watch?v=RFPA2EZeF08,135
431,THIS is Why the iPhone 14 Pro Is More EXPENSIVE    more ,40000,On Pocketnow Daily  Disney  is changing their prices and we don t really like it  The new Moto RAZR is finally here  but there s a    ,2022-08-14,iphone 14,https://www.youtube.com/watch?v=bl3Z5iWfkwI,136
432,THIS is Why the iPhone 14 Pro Is More EXPENSIVE    more ,40000,On Pocketnow Daily  Disney  is changing their prices and we don t really like it  The new Moto RAZR is finally here  but there s a    ,2022-08-14,iphone 14 pro,https://www.youtube.com/watch?v=bl3Z5iWfkwI,136
433,iPhones Official Price Drop After iPhone 14    Buy iPhone 13 or iPhone 14   HINDI ,13000,iPhones Official Price Drop After iPhone 14 Buy iPhone 13 or iPhone 14   HINDI  This Video is regarding the common    ,2022-08-17,iphone 14,https://www.youtube.com/watch?v=qVClyD9tPK4,137
434,The  New  iPhone 14   LOL ,1340000,Thoughts on the upcoming iPhone 14 If you want to support the channel  consider a Dave2D membership by clicking the  Join     ,2022-06-18,iphone 14,https://www.youtube.com/watch?v=Aao-RX5DZcA,138
435,Why Apple s iPhone 14 Pro will be MORE expensive  ,140000,If you enjoyed this video  please subscribe to help us reach 2 million subscribers  We would greatly appreciate it ,2022-08-13,iphone 14,https://www.youtube.com/watch?v=IMqALlIxvnc,139
436,iPhone 14   Samsung FINALLY Responds ,100000,iPhone 14 Pro Max hands on dummy vs iPhone 13 Pro max  Samsung finally responds to the upcoming iPhone 14 series with its    ,2022-08-13,iphone 14,https://www.youtube.com/watch?v=5D3dreQHO_c,140
437,iPhone 14,420000,                     INFORMATION                         Vidéo montée par Jérémy COLSON                        ME SUIVRE    ,2022-02-18,iphone 14,https://www.youtube.com/watch?v=Dga2XywI0R4,141
438,Teen Gets FIRST iPHONE 14 from Apple  Then what Happens ,4430000,Wilbur gets a beta iPhone 14 from Apple Headquarters after he is made fun of at School for his Old iPhone  Lance thinks the    ,2022-04-19,iphone 14,https://www.youtube.com/watch?v=ngwd_F8ALI8,142
439,iOS 16    bout time  ,250000,After discussing iOS 16 Beta 5  we talk about when to expect iOS 16 Beta 5  and Public Beta 3   surprising iPhone 14 leaks  Apple    ,2022-08-15,iphone 14,https://www.youtube.com/watch?v=9xN75VDTll8,143
440,iPhone 14 Last Minute Leaks   3 Big Reasons you should stop buying iPhones right now ,22000,Use my code YAT25 while signing up  you ll get  25 Bonus Instantly   if you want to keep 25rs bonus permanently in your    ,2022-08-15,iphone 14,https://www.youtube.com/watch?v=CyW43vaauXc,144
441,iPhone 14 Series Leaks   Pricing in Tamil,13000,Apple is about to launch its iphone 14 series in India nexr month  iphone 14 series will have iphone 14   iphone 14 max  iphone    ,2022-08-15,iphone 14,https://www.youtube.com/watch?v=2NfcKNJhQUo,145
442,iPhone 13 Pro Max Review  1 Year Later ,18000,We don t know if the iPhone 14 Pro max is good yet  and I will be helping you guys decide whether or not you should wait on it ,2022-08-14,iphone 14,https://www.youtube.com/watch?v=DMe0lEdDz2w,146
443,Wait for the new iPhone 14  Here s Why ,130000,It s already august and next month apple should be announcing the new iPhone 14 line up  Here s why you should wait ,2022-08-08,iphone 14,https://www.youtube.com/watch?v=1-RlVYUCkiA,147
444,iPHONE 14   Fecha,6700,Todas las últimas noticias sobre el iPhone 14 que podría lanzar Apple en su evento en los próximos días   SUSCRÍBETE ,2022-08-17,iphone 14,https://www.youtube.com/watch?v=7pEknCIQbQ8,148
445,El iPhone 14 te volverá LOCO,37000,Todo lo último sobre el iPhone 14 que podría anuncia Apple a principios de septiembre   SUSCRÍBETE    Instagram     ,2022-08-11,iphone 14,https://www.youtube.com/watch?v=JjkhSQ7quG4,148
446,iPhone 14  What To Expect,520000,We re just three months away from a new generation of iPhone models  and there ve been numerous leaks and rumors about the    ,2022-07-18,iphone 14,https://www.youtube.com/watch?v=HjYf58UnDlk,149
447,Fresh iPhone 14 Pro Leaks  Fat Dual Hole Punch  Massive 48MP Lens  Purple    More   ,1110000,Latest iPhone 14 Pro   14 Max Leaks  Full lineup final design CAD leak  huge hole punch display   massive 48MP rear lens for    ,2022-05-19,iphone 14,https://www.youtube.com/watch?v=qsb-7HYLMPI,150
448,iPhone 14 Pro Max   APPLE IS GOING CRAZY   ,6900,iPhone 14 Pro Max   APPLE IS GOING CRAZY    iPhone 14 orders reportedly hit 90 million units   despite rumored price hike ,2022-08-15,iphone 14,https://www.youtube.com/watch?v=YcGlmfJfyP8,151
449,iPhone 14 Pro Max   DOES IT MATTERS ,1200,iPhone 14 Pro Max   DOES IT MATTERS  iPhone 14 orders reportedly hit 90 million units   despite rumored price hike ,2022-08-16,iphone 14,https://www.youtube.com/watch?v=eZNEaz0CBy4,151
450,iPhone 14 Cases  First Looks ,1400,Curious about the upcoming iPhone 14  ZEERA sent me out their cases for iPhone 14  iPhone 14 Pro  iPhone 14 Pro Max  and    ,2022-08-14,iphone 14,https://www.youtube.com/watch?v=RX5DM8l64NU,152
451,iPhone 14   Samsung se BURLARÁ en la PRESENTACIÓN de los iPhone  ,2100,El iPhone 14 tendrá varios problemas y serán mejor los Samsung Galaxy  pero los iPhone 14 Pro será muy superior  Descuentos    ,2022-08-17,iphone 14,https://www.youtube.com/watch?v=T20ox9r8Qws,153
452,iPhone 14 Pro Max Case Revealed Compared to 13 Pro Max Phone for Design Clues MagSafe Case by Benks,357,Benks Amazon Store  https   amzn to 3JUoNBb Full disclosure  Store links above are Affiliate links  if you click them and ultimately    ,2022-08-16,iphone 14,https://www.youtube.com/watch?v=Z_KD1Jmqgzo,154
453,iPhone 14 FINAL LEAKS   Release Date   Price ,120000,Apple is getting ready to sell a lot of iPhone 14 models this year and for good reason because Apple may have one of the most    ,2022-08-06,iphone 14,https://www.youtube.com/watch?v=N9bgmnZmdRs,155
454,Why iPhone 14 is so good   Apple fired someone,330000,With Apple and Jony Ive officially parting ways  many Apple fans are excited about the major design changes and new features    ,2022-08-03,iphone 14,https://www.youtube.com/watch?v=N1kjLnSv6Wg,156
455,Whatsapp Crazy Updates   Apple iPhone 14   JioGames Watch   WTF   Episode 03   Technical Guruji   ,190000,Namaskaar Dosto  is  WTF ke naye episode mein hum baat karenge Jio ke ek naye launch ke baare mein aur jaanenge kaise    ,2022-08-14,iphone 14,https://www.youtube.com/watch?v=Xtrhj-vGISg,157
456,iPhone 14 Series First Look   Full Specifications   ,1900000,Namaskaar Dosto  yeh ek bahut hi unique video hai jaha pe humne dekha hai latest upcoming iPhones ke mockups ke saath ek    ,2022-07-27,iphone 14,https://www.youtube.com/watch?v=FmPQ9UWfxsY,157
457,iPhone 14   3 raisons de l acheter   Ou pas  ,8800,iPhone 14   3 raisons de l acheter   Ou pas               TOP LIST                iPhone 13    ,2022-08-05,iphone 14,https://www.youtube.com/watch?v=2k41ScTQ4M0,158
458,iPhone 14 y iPhone 14 Pro Max   PRECIOS  Fecha de lanzamiento y Más,16000,Todo sobre el iPhone 14  Colores  Fecha de lanzamiento  precios y todo lo que sabemos hasta hoy APOYA AL CANAL    ,2022-08-09,iphone 14,https://www.youtube.com/watch?v=mkNUupna4og,159
459,iPhone 14 Series What To Expect ,3500,iPhone 14 Series What To Expect  iPhone 14  iPhone 14 Max  iPhone 14 Pro  and iPhone 14 Pro Max are coming next month    ,2022-08-17,iphone 14 pro,https://www.youtube.com/watch?v=sVny63ZAlHo,160
460,iPhone 14 Pro Apple,18000, iosbetanews ,2022-08-16,iphone 14 pro,https://www.youtube.com/watch?v=ipseHkjkNZY,161
461,아이폰 14   14 프로 루머 정리  드디어 노치가 사라진다  걱정되는 가격 ,6600,찍은 지는 오래됐는데 바빠서 편집이 많이 늦었습니다  시기가 조금 늦은 감이 있지만 아이폰 14 시리즈를 기다리시는 분들께 참고가    ,2022-07-18,iphone 14 pro,https://www.youtube.com/watch?v=pphFgNUsmjg,162
462,iPhone 14 Pro   THIS IS COOL,160000,iPhone 14 Pro and iPhone 14 Pro Max will have always on display functionality but Apple s approach to this feature is different    ,2022-08-03,iphone 14 pro,https://www.youtube.com/watch?v=ErhHZw9-ubw,163
